{"py/object": "df_analyze.selection.embedded.EmbedSelected", "model": {"py/reduce": [{"py/type": "df_analyze.enumerables.EmbedSelectionModel"}, {"py/tuple": ["lgbm"]}]}, "selected": ["latitude", "longitude", "price", "number_of_reviews", "availability_365", "neighbourhood_labelencoded"], "scores": {"latitude": {"py/reduce": [{"py/function": "numpy._core.multiarray.scalar"}, {"py/tuple": [{"py/reduce": [{"py/type": "numpy.dtype"}, {"py/tuple": ["i4", false, true]}, {"py/tuple": [3, "<", null, null, null, -1, -1, 0]}]}, {"py/b64": "SAQAAA=="}]}]}, "longitude": {"py/reduce": [{"py/function": "numpy._core.multiarray.scalar"}, {"py/tuple": [{"py/id": 5}, {"py/b64": "yAQAAA=="}]}]}, "price": {"py/reduce": [{"py/function": "numpy._core.multiarray.scalar"}, {"py/tuple": [{"py/id": 5}, {"py/b64": "xwQAAA=="}]}]}, "number_of_reviews": {"py/reduce": [{"py/function": "numpy._core.multiarray.scalar"}, {"py/tuple": [{"py/id": 5}, {"py/b64": "3wIAAA=="}]}]}, "availability_365": {"py/reduce": [{"py/function": "numpy._core.multiarray.scalar"}, {"py/tuple": [{"py/id": 5}, {"py/b64": "KwMAAA=="}]}]}, "neighbourhood_labelencoded": {"py/reduce": [{"py/function": "numpy._core.multiarray.scalar"}, {"py/tuple": [{"py/id": 5}, {"py/b64": "OAIAAA=="}]}]}, "luxury": {"py/reduce": [{"py/function": "numpy._core.multiarray.scalar"}, {"py/tuple": [{"py/id": 5}, {"py/b64": "CwAAAA=="}]}]}, "floor": {"py/reduce": [{"py/function": "numpy._core.multiarray.scalar"}, {"py/tuple": [{"py/id": 5}, {"py/b64": "AwAAAA=="}]}]}, "city": {"py/reduce": [{"py/function": "numpy._core.multiarray.scalar"}, {"py/tuple": [{"py/id": 5}, {"py/b64": "BQAAAA=="}]}]}, "private": {"py/reduce": [{"py/function": "numpy._core.multiarray.scalar"}, {"py/tuple": [{"py/id": 5}, {"py/b64": "GwAAAA=="}]}]}, "in": {"py/reduce": [{"py/function": "numpy._core.multiarray.scalar"}, {"py/tuple": [{"py/id": 5}, {"py/b64": "bwAAAA=="}]}]}, "cozy": {"py/reduce": [{"py/function": "numpy._core.multiarray.scalar"}, {"py/tuple": [{"py/id": 5}, {"py/b64": "EQAAAA=="}]}]}, "room": {"py/reduce": [{"py/function": "numpy._core.multiarray.scalar"}, {"py/tuple": [{"py/id": 5}, {"py/b64": "KAAAAA=="}]}]}, "hotel_1.0": {"py/reduce": [{"py/function": "numpy._core.multiarray.scalar"}, {"py/tuple": [{"py/id": 5}, {"py/b64": "AAAAAA=="}]}]}, "hotel_nan": {"py/reduce": [{"py/function": "numpy._core.multiarray.scalar"}, {"py/tuple": [{"py/id": 5}, {"py/b64": "AAAAAA=="}]}]}, "oheencoded_Bronx_1.0": {"py/reduce": [{"py/function": "numpy._core.multiarray.scalar"}, {"py/tuple": [{"py/id": 5}, {"py/b64": "CQAAAA=="}]}]}, "oheencoded_Bronx_nan": {"py/reduce": [{"py/function": "numpy._core.multiarray.scalar"}, {"py/tuple": [{"py/id": 5}, {"py/b64": "AAAAAA=="}]}]}, "oheencoded_Brooklyn_1.0": {"py/reduce": [{"py/function": "numpy._core.multiarray.scalar"}, {"py/tuple": [{"py/id": 5}, {"py/b64": "IwAAAA=="}]}]}, "oheencoded_Brooklyn_nan": {"py/reduce": [{"py/function": "numpy._core.multiarray.scalar"}, {"py/tuple": [{"py/id": 5}, {"py/b64": "AAAAAA=="}]}]}, "oheencoded_Entire_home/apt_1.0": {"py/reduce": [{"py/function": "numpy._core.multiarray.scalar"}, {"py/tuple": [{"py/id": 5}, {"py/b64": "ZQAAAA=="}]}]}, "oheencoded_Entire_home/apt_nan": {"py/reduce": [{"py/function": "numpy._core.multiarray.scalar"}, {"py/tuple": [{"py/id": 5}, {"py/b64": "AAAAAA=="}]}]}, "oheencoded_Hotel_room_1.0": {"py/reduce": [{"py/function": "numpy._core.multiarray.scalar"}, {"py/tuple": [{"py/id": 5}, {"py/b64": "AAAAAA=="}]}]}, "oheencoded_Hotel_room_nan": {"py/reduce": [{"py/function": "numpy._core.multiarray.scalar"}, {"py/tuple": [{"py/id": 5}, {"py/b64": "AAAAAA=="}]}]}, "oheencoded_Manhattan_1.0": {"py/reduce": [{"py/function": "numpy._core.multiarray.scalar"}, {"py/tuple": [{"py/id": 5}, {"py/b64": "KQAAAA=="}]}]}, "oheencoded_Manhattan_nan": {"py/reduce": [{"py/function": "numpy._core.multiarray.scalar"}, {"py/tuple": [{"py/id": 5}, {"py/b64": "AAAAAA=="}]}]}, "oheencoded_Private_room_1.0": {"py/reduce": [{"py/function": "numpy._core.multiarray.scalar"}, {"py/tuple": [{"py/id": 5}, {"py/b64": "PAAAAA=="}]}]}, "oheencoded_Private_room_nan": {"py/reduce": [{"py/function": "numpy._core.multiarray.scalar"}, {"py/tuple": [{"py/id": 5}, {"py/b64": "AAAAAA=="}]}]}, "oheencoded_Queens_1.0": {"py/reduce": [{"py/function": "numpy._core.multiarray.scalar"}, {"py/tuple": [{"py/id": 5}, {"py/b64": "EQAAAA=="}]}]}, "oheencoded_Queens_nan": {"py/reduce": [{"py/function": "numpy._core.multiarray.scalar"}, {"py/tuple": [{"py/id": 5}, {"py/b64": "AAAAAA=="}]}]}, "oheencoded_Shared_room_1.0": {"py/reduce": [{"py/function": "numpy._core.multiarray.scalar"}, {"py/tuple": [{"py/id": 5}, {"py/b64": "DgAAAA=="}]}]}, "oheencoded_Shared_room_nan": {"py/reduce": [{"py/function": "numpy._core.multiarray.scalar"}, {"py/tuple": [{"py/id": 5}, {"py/b64": "AAAAAA=="}]}]}, "oheencoded_Staten_Island_1.0": {"py/reduce": [{"py/function": "numpy._core.multiarray.scalar"}, {"py/tuple": [{"py/id": 5}, {"py/b64": "AAAAAA=="}]}]}, "oheencoded_Staten_Island_nan": {"py/reduce": [{"py/function": "numpy._core.multiarray.scalar"}, {"py/tuple": [{"py/id": 5}, {"py/b64": "AAAAAA=="}]}]}}, "is_classification": false}