{"py/object": "df_analyze.selection.embedded.EmbedSelected", "model": {"py/reduce": [{"py/type": "df_analyze.enumerables.EmbedSelectionModel"}, {"py/tuple": ["lgbm"]}]}, "selected": ["latitude", "longitude", "minimum_nights", "number_of_reviews", "availability_365", "neighbourhood_labelencoded"], "scores": {"latitude": {"py/reduce": [{"py/function": "numpy._core.multiarray.scalar"}, {"py/tuple": [{"py/reduce": [{"py/type": "numpy.dtype"}, {"py/tuple": ["i4", false, true]}, {"py/tuple": [3, "<", null, null, null, -1, -1, 0]}]}, {"py/b64": "cQMAAA=="}]}]}, "longitude": {"py/reduce": [{"py/function": "numpy._core.multiarray.scalar"}, {"py/tuple": [{"py/id": 5}, {"py/b64": "mAMAAA=="}]}]}, "minimum_nights": {"py/reduce": [{"py/function": "numpy._core.multiarray.scalar"}, {"py/tuple": [{"py/id": 5}, {"py/b64": "0QAAAA=="}]}]}, "number_of_reviews": {"py/reduce": [{"py/function": "numpy._core.multiarray.scalar"}, {"py/tuple": [{"py/id": 5}, {"py/b64": "MAIAAA=="}]}]}, "availability_365": {"py/reduce": [{"py/function": "numpy._core.multiarray.scalar"}, {"py/tuple": [{"py/id": 5}, {"py/b64": "SQEAAA=="}]}]}, "neighbourhood_labelencoded": {"py/reduce": [{"py/function": "numpy._core.multiarray.scalar"}, {"py/tuple": [{"py/id": 5}, {"py/b64": "HgIAAA=="}]}]}, "luxury": {"py/reduce": [{"py/function": "numpy._core.multiarray.scalar"}, {"py/tuple": [{"py/id": 5}, {"py/b64": "DwAAAA=="}]}]}, "floor": {"py/reduce": [{"py/function": "numpy._core.multiarray.scalar"}, {"py/tuple": [{"py/id": 5}, {"py/b64": "AAAAAA=="}]}]}, "city": {"py/reduce": [{"py/function": "numpy._core.multiarray.scalar"}, {"py/tuple": [{"py/id": 5}, {"py/b64": "AAAAAA=="}]}]}, "private": {"py/reduce": [{"py/function": "numpy._core.multiarray.scalar"}, {"py/tuple": [{"py/id": 5}, {"py/b64": "GgAAAA=="}]}]}, "in": {"py/reduce": [{"py/function": "numpy._core.multiarray.scalar"}, {"py/tuple": [{"py/id": 5}, {"py/b64": "XQAAAA=="}]}]}, "cozy": {"py/reduce": [{"py/function": "numpy._core.multiarray.scalar"}, {"py/tuple": [{"py/id": 5}, {"py/b64": "EQAAAA=="}]}]}, "room": {"py/reduce": [{"py/function": "numpy._core.multiarray.scalar"}, {"py/tuple": [{"py/id": 5}, {"py/b64": "IwAAAA=="}]}]}, "hotel_1.0": {"py/reduce": [{"py/function": "numpy._core.multiarray.scalar"}, {"py/tuple": [{"py/id": 5}, {"py/b64": "AAAAAA=="}]}]}, "hotel_nan": {"py/reduce": [{"py/function": "numpy._core.multiarray.scalar"}, {"py/tuple": [{"py/id": 5}, {"py/b64": "AAAAAA=="}]}]}, "oheencoded_Bronx_1.0": {"py/reduce": [{"py/function": "numpy._core.multiarray.scalar"}, {"py/tuple": [{"py/id": 5}, {"py/b64": "BQAAAA=="}]}]}, "oheencoded_Bronx_nan": {"py/reduce": [{"py/function": "numpy._core.multiarray.scalar"}, {"py/tuple": [{"py/id": 5}, {"py/b64": "AAAAAA=="}]}]}, "oheencoded_Brooklyn_1.0": {"py/reduce": [{"py/function": "numpy._core.multiarray.scalar"}, {"py/tuple": [{"py/id": 5}, {"py/b64": "RAAAAA=="}]}]}, "oheencoded_Brooklyn_nan": {"py/reduce": [{"py/function": "numpy._core.multiarray.scalar"}, {"py/tuple": [{"py/id": 5}, {"py/b64": "AAAAAA=="}]}]}, "oheencoded_Entire_home/apt_1.0": {"py/reduce": [{"py/function": "numpy._core.multiarray.scalar"}, {"py/tuple": [{"py/id": 5}, {"py/b64": "NwAAAA=="}]}]}, "oheencoded_Entire_home/apt_nan": {"py/reduce": [{"py/function": "numpy._core.multiarray.scalar"}, {"py/tuple": [{"py/id": 5}, {"py/b64": "AAAAAA=="}]}]}, "oheencoded_Hotel_room_1.0": {"py/reduce": [{"py/function": "numpy._core.multiarray.scalar"}, {"py/tuple": [{"py/id": 5}, {"py/b64": "AAAAAA=="}]}]}, "oheencoded_Hotel_room_nan": {"py/reduce": [{"py/function": "numpy._core.multiarray.scalar"}, {"py/tuple": [{"py/id": 5}, {"py/b64": "AAAAAA=="}]}]}, "oheencoded_Manhattan_1.0": {"py/reduce": [{"py/function": "numpy._core.multiarray.scalar"}, {"py/tuple": [{"py/id": 5}, {"py/b64": "PgAAAA=="}]}]}, "oheencoded_Manhattan_nan": {"py/reduce": [{"py/function": "numpy._core.multiarray.scalar"}, {"py/tuple": [{"py/id": 5}, {"py/b64": "AAAAAA=="}]}]}, "oheencoded_Private_room_1.0": {"py/reduce": [{"py/function": "numpy._core.multiarray.scalar"}, {"py/tuple": [{"py/id": 5}, {"py/b64": "IQAAAA=="}]}]}, "oheencoded_Private_room_nan": {"py/reduce": [{"py/function": "numpy._core.multiarray.scalar"}, {"py/tuple": [{"py/id": 5}, {"py/b64": "AAAAAA=="}]}]}, "oheencoded_Queens_1.0": {"py/reduce": [{"py/function": "numpy._core.multiarray.scalar"}, {"py/tuple": [{"py/id": 5}, {"py/b64": "EgAAAA=="}]}]}, "oheencoded_Queens_nan": {"py/reduce": [{"py/function": "numpy._core.multiarray.scalar"}, {"py/tuple": [{"py/id": 5}, {"py/b64": "AAAAAA=="}]}]}, "oheencoded_Shared_room_1.0": {"py/reduce": [{"py/function": "numpy._core.multiarray.scalar"}, {"py/tuple": [{"py/id": 5}, {"py/b64": "BAAAAA=="}]}]}, "oheencoded_Shared_room_nan": {"py/reduce": [{"py/function": "numpy._core.multiarray.scalar"}, {"py/tuple": [{"py/id": 5}, {"py/b64": "AAAAAA=="}]}]}, "oheencoded_Staten_Island_1.0": {"py/reduce": [{"py/function": "numpy._core.multiarray.scalar"}, {"py/tuple": [{"py/id": 5}, {"py/b64": "DAAAAA=="}]}]}, "oheencoded_Staten_Island_nan": {"py/reduce": [{"py/function": "numpy._core.multiarray.scalar"}, {"py/tuple": [{"py/id": 5}, {"py/b64": "AAAAAA=="}]}]}}, "is_classification": false}