{"py/object": "df_analyze.selection.embedded.EmbedSelected", "model": {"py/reduce": [{"py/type": "df_analyze.enumerables.EmbedSelectionModel"}, {"py/tuple": ["linear"]}]}, "selected": ["latitude", "longitude", "minimum_nights", "number_of_reviews", "availability_365", "neighbourhood_labelencoded", "luxury", "floor", "city", "private", "in", "cozy", "room", "hotel_1.0", "oheencoded_Bronx_1.0", "oheencoded_Brooklyn_1.0", "oheencoded_Entire_home/apt_1.0", "oheencoded_Hotel_room_1.0", "oheencoded_Manhattan_1.0", "oheencoded_Private_room_1.0", "oheencoded_Queens_1.0", "oheencoded_Shared_room_1.0", "oheencoded_Staten_Island_1.0"], "scores": {"latitude": {"py/reduce": [{"py/function": "numpy._core.multiarray.scalar"}, {"py/tuple": [{"py/reduce": [{"py/type": "numpy.dtype"}, {"py/tuple": ["f8", false, true]}, {"py/tuple": [3, "<", null, null, null, -1, -1, 0]}]}, {"py/b64": "r7Vq7gQAbb8="}]}]}, "longitude": {"py/reduce": [{"py/function": "numpy._core.multiarray.scalar"}, {"py/tuple": [{"py/id": 5}, {"py/b64": "UvR8LYQRYr8="}]}]}, "minimum_nights": {"py/reduce": [{"py/function": "numpy._core.multiarray.scalar"}, {"py/tuple": [{"py/id": 5}, {"py/b64": "jsNO6oIYTr8="}]}]}, "number_of_reviews": {"py/reduce": [{"py/function": "numpy._core.multiarray.scalar"}, {"py/tuple": [{"py/id": 5}, {"py/b64": "/UgrjlQFJL8="}]}]}, "availability_365": {"py/reduce": [{"py/function": "numpy._core.multiarray.scalar"}, {"py/tuple": [{"py/id": 5}, {"py/b64": "vTKA5tmOIj8="}]}]}, "neighbourhood_labelencoded": {"py/reduce": [{"py/function": "numpy._core.multiarray.scalar"}, {"py/tuple": [{"py/id": 5}, {"py/b64": "vD4nJcqWJj8="}]}]}, "luxury": {"py/reduce": [{"py/function": "numpy._core.multiarray.scalar"}, {"py/tuple": [{"py/id": 5}, {"py/b64": "8edohRqNjz8="}]}]}, "floor": {"py/reduce": [{"py/function": "numpy._core.multiarray.scalar"}, {"py/tuple": [{"py/id": 5}, {"py/b64": "U4xXFSLhTT8="}]}]}, "city": {"py/reduce": [{"py/function": "numpy._core.multiarray.scalar"}, {"py/tuple": [{"py/id": 5}, {"py/b64": "zlN87EawVj8="}]}]}, "private": {"py/reduce": [{"py/function": "numpy._core.multiarray.scalar"}, {"py/tuple": [{"py/id": 5}, {"py/b64": "EuLcovc1hL8="}]}]}, "in": {"py/reduce": [{"py/function": "numpy._core.multiarray.scalar"}, {"py/tuple": [{"py/id": 5}, {"py/b64": "q1YrMOcuhr8="}]}]}, "cozy": {"py/reduce": [{"py/function": "numpy._core.multiarray.scalar"}, {"py/tuple": [{"py/id": 5}, {"py/b64": "O0QPbKTZkL8="}]}]}, "room": {"py/reduce": [{"py/function": "numpy._core.multiarray.scalar"}, {"py/tuple": [{"py/id": 5}, {"py/b64": "9WkzaHD9l78="}]}]}, "hotel_1.0": {"py/reduce": [{"py/function": "numpy._core.multiarray.scalar"}, {"py/tuple": [{"py/id": 5}, {"py/b64": "aioT5P6Naj8="}]}]}, "hotel_nan": {"py/reduce": [{"py/function": "numpy._core.multiarray.scalar"}, {"py/tuple": [{"py/id": 5}, {"py/b64": "AAAAAAAAAAA="}]}]}, "oheencoded_Bronx_1.0": {"py/reduce": [{"py/function": "numpy._core.multiarray.scalar"}, {"py/tuple": [{"py/id": 5}, {"py/b64": "20Rjxs5Eg78="}]}]}, "oheencoded_Bronx_nan": {"py/reduce": [{"py/function": "numpy._core.multiarray.scalar"}, {"py/tuple": [{"py/id": 5}, {"py/b64": "AAAAAAAAAAA="}]}]}, "oheencoded_Brooklyn_1.0": {"py/reduce": [{"py/function": "numpy._core.multiarray.scalar"}, {"py/tuple": [{"py/id": 5}, {"py/b64": "/w1c/U7TgL8="}]}]}, "oheencoded_Brooklyn_nan": {"py/reduce": [{"py/function": "numpy._core.multiarray.scalar"}, {"py/tuple": [{"py/id": 5}, {"py/b64": "AAAAAAAAAAA="}]}]}, "oheencoded_Entire_home/apt_1.0": {"py/reduce": [{"py/function": "numpy._core.multiarray.scalar"}, {"py/tuple": [{"py/id": 5}, {"py/b64": "Yv7oYk8YsT8="}]}]}, "oheencoded_Entire_home/apt_nan": {"py/reduce": [{"py/function": "numpy._core.multiarray.scalar"}, {"py/tuple": [{"py/id": 5}, {"py/b64": "AAAAAAAAAAA="}]}]}, "oheencoded_Hotel_room_1.0": {"py/reduce": [{"py/function": "numpy._core.multiarray.scalar"}, {"py/tuple": [{"py/id": 5}, {"py/b64": "E8JU/Xd7Tj8="}]}]}, "oheencoded_Hotel_room_nan": {"py/reduce": [{"py/function": "numpy._core.multiarray.scalar"}, {"py/tuple": [{"py/id": 5}, {"py/b64": "AAAAAAAAAAA="}]}]}, "oheencoded_Manhattan_1.0": {"py/reduce": [{"py/function": "numpy._core.multiarray.scalar"}, {"py/tuple": [{"py/id": 5}, {"py/b64": "Qi+iDYxkpT8="}]}]}, "oheencoded_Manhattan_nan": {"py/reduce": [{"py/function": "numpy._core.multiarray.scalar"}, {"py/tuple": [{"py/id": 5}, {"py/b64": "AAAAAAAAAAA="}]}]}, "oheencoded_Private_room_1.0": {"py/reduce": [{"py/function": "numpy._core.multiarray.scalar"}, {"py/tuple": [{"py/id": 5}, {"py/b64": "gZ47Qs/Sr78="}]}]}, "oheencoded_Private_room_nan": {"py/reduce": [{"py/function": "numpy._core.multiarray.scalar"}, {"py/tuple": [{"py/id": 5}, {"py/b64": "AAAAAAAAAAA="}]}]}, "oheencoded_Queens_1.0": {"py/reduce": [{"py/function": "numpy._core.multiarray.scalar"}, {"py/tuple": [{"py/id": 5}, {"py/b64": "EWwByH+1lr8="}]}]}, "oheencoded_Queens_nan": {"py/reduce": [{"py/function": "numpy._core.multiarray.scalar"}, {"py/tuple": [{"py/id": 5}, {"py/b64": "AAAAAAAAAAA="}]}]}, "oheencoded_Shared_room_1.0": {"py/reduce": [{"py/function": "numpy._core.multiarray.scalar"}, {"py/tuple": [{"py/id": 5}, {"py/b64": "ozYcN8v4dr8="}]}]}, "oheencoded_Shared_room_nan": {"py/reduce": [{"py/function": "numpy._core.multiarray.scalar"}, {"py/tuple": [{"py/id": 5}, {"py/b64": "AAAAAAAAAAA="}]}]}, "oheencoded_Staten_Island_1.0": {"py/reduce": [{"py/function": "numpy._core.multiarray.scalar"}, {"py/tuple": [{"py/id": 5}, {"py/b64": "e+R6GRt8YL8="}]}]}, "oheencoded_Staten_Island_nan": {"py/reduce": [{"py/function": "numpy._core.multiarray.scalar"}, {"py/tuple": [{"py/id": 5}, {"py/b64": "AAAAAAAAAAA="}]}]}}, "is_classification": false}