,selection,embed_selector,model,params,metric,score
0,none,none,dummy,"{""strategy"": ""median""}",mae,0.23582908178228398
1,assoc,none,dummy,"{""strategy"": ""median""}",mae,0.23582908178228398
2,pred,none,dummy,"{""strategy"": ""median""}",mae,0.23582908178228398
3,embed,lgbm,dummy,"{""strategy"": ""median""}",mae,0.23582908178228398
4,embed,linear,dummy,"{""strategy"": ""median""}",mae,0.23582908178228398
5,wrap,none,dummy,"{""strategy"": ""median""}",mae,0.23582908178228398
6,none,none,elastic,"{""alpha"": 0.010395823983436053, ""l1_ratio"": 0.014511478418299306}",mae,0.23084745953685015
7,assoc,none,elastic,"{""alpha"": 0.018991445307274646, ""l1_ratio"": 0.04885797578289175}",mae,0.23218936243064858
8,pred,none,elastic,"{""alpha"": 0.012731701165261497, ""l1_ratio"": 0.01346654480610801}",mae,0.23373945912975547
9,embed,lgbm,elastic,"{""alpha"": 0.010415684628275745, ""l1_ratio"": 0.03025617961115277}",mae,0.23808685506809088
10,embed,linear,elastic,"{""alpha"": 0.012595524359252874, ""l1_ratio"": 0.010129559037443442}",mae,0.23097299736038815
11,wrap,none,elastic,"{""alpha"": 0.014647601461168391, ""l1_ratio"": 0.016636645773233844}",mae,0.23970674042289156
12,none,none,knn,"{""n_neighbors"": 50, ""weights"": ""distance"", ""metric"": ""cosine""}",mae,0.23435745251854537
13,assoc,none,knn,"{""n_neighbors"": 1, ""weights"": ""uniform"", ""metric"": ""correlation""}",mae,0.23435745251854537
14,pred,none,knn,"{""n_neighbors"": 50, ""weights"": ""uniform"", ""metric"": ""cosine""}",mae,0.2346205611027718
15,embed,lgbm,knn,"{""n_neighbors"": 10, ""weights"": ""distance"", ""metric"": ""cosine""}",mae,0.23444048702782702
16,embed,linear,knn,"{""n_neighbors"": 5, ""weights"": ""uniform"", ""metric"": ""cosine""}",mae,0.23435745251854537
17,wrap,none,knn,"{""n_neighbors"": 1, ""weights"": ""distance"", ""metric"": ""cosine""}",mae,0.23589530055566527
18,none,none,lgbm,"{""n_estimators"": 250, ""reg_alpha"": 9.028406579122771, ""reg_lambda"": 0.8428721138454518, ""num_leaves"": 14, ""colsample_bytree"": 0.6421873912189549, ""subsample"": 0.5926665542512156, ""subsample_freq"": 0, ""min_child_samples"": 86}",mae,0.1949472311892121
19,assoc,none,lgbm,"{""n_estimators"": 100, ""reg_alpha"": 9.830704547843153, ""reg_lambda"": 8.484843176458236, ""num_leaves"": 28, ""colsample_bytree"": 0.407109447714654, ""subsample"": 0.6198511013381169, ""subsample_freq"": 0, ""min_child_samples"": 23}",mae,0.19321833282007597
20,pred,none,lgbm,"{""n_estimators"": 50, ""reg_alpha"": 0.012801468575958614, ""reg_lambda"": 0.00010034342155811003, ""num_leaves"": 62, ""colsample_bytree"": 0.9849797112565023, ""subsample"": 0.6355966242058838, ""subsample_freq"": 0, ""min_child_samples"": 57}",mae,0.196736164133292
21,embed,lgbm,lgbm,"{""n_estimators"": 50, ""reg_alpha"": 0.0001420144177869389, ""reg_lambda"": 9.797139841218017e-05, ""num_leaves"": 27, ""colsample_bytree"": 0.5091575455918078, ""subsample"": 0.9895082649669047, ""subsample_freq"": 3, ""min_child_samples"": 100}",mae,0.19537925974495515
22,embed,linear,lgbm,"{""n_estimators"": 50, ""reg_alpha"": 3.356215068326832e-06, ""reg_lambda"": 9.986315270039958, ""num_leaves"": 24, ""colsample_bytree"": 0.8718731676506255, ""subsample"": 0.937938784583485, ""subsample_freq"": 5, ""min_child_samples"": 90}",mae,0.19306091379383283
23,wrap,none,lgbm,"{""n_estimators"": 300, ""reg_alpha"": 0.00015592032672681524, ""reg_lambda"": 0.011410892106137643, ""num_leaves"": 3, ""colsample_bytree"": 0.9968889186974289, ""subsample"": 0.9682223617297536, ""subsample_freq"": 6, ""min_child_samples"": 47}",mae,0.2052427725232647
24,none,none,rf,"{""n_estimators"": 150, ""reg_alpha"": 0.00012494151848535228, ""reg_lambda"": 1.4388481205539863e-07, ""num_leaves"": 98, ""colsample_bytree"": 0.9375720398826545, ""subsample"": 0.5413676663302709, ""subsample_freq"": 1, ""min_child_samples"": 44, ""bagging_fraction"": 0.49386052147017284}",mae,0.1915757819931565
25,assoc,none,rf,"{""n_estimators"": 200, ""reg_alpha"": 1.1587460196891847e-05, ""reg_lambda"": 1.0392460993289715e-06, ""num_leaves"": 127, ""colsample_bytree"": 0.9083380797019883, ""subsample"": 0.863694418443948, ""subsample_freq"": 5, ""min_child_samples"": 62, ""bagging_fraction"": 0.604404349487293}",mae,0.19224329365118256
26,pred,none,rf,"{""n_estimators"": 200, ""reg_alpha"": 3.053833426041128e-06, ""reg_lambda"": 0.027337046561163404, ""num_leaves"": 247, ""colsample_bytree"": 0.9744713521136332, ""subsample"": 0.5783524865376308, ""subsample_freq"": 0, ""min_child_samples"": 5, ""bagging_fraction"": 0.1778423330155346}",mae,0.19197752377811808
27,embed,lgbm,rf,"{""n_estimators"": 300, ""reg_alpha"": 0.0006583617873236587, ""reg_lambda"": 0.0007998389027189637, ""num_leaves"": 254, ""colsample_bytree"": 0.8990419169670494, ""subsample"": 0.9819358691949668, ""subsample_freq"": 2, ""min_child_samples"": 9, ""bagging_fraction"": 0.5556957370289366}",mae,0.19328014729425064
28,embed,linear,rf,"{""n_estimators"": 200, ""reg_alpha"": 7.633657853947069e-07, ""reg_lambda"": 0.05807750519801829, ""num_leaves"": 163, ""colsample_bytree"": 0.9361782394819076, ""subsample"": 0.776520899378758, ""subsample_freq"": 2, ""min_child_samples"": 28, ""bagging_fraction"": 0.5745334486478159}",mae,0.19007069118319286
29,wrap,none,rf,"{""n_estimators"": 100, ""reg_alpha"": 6.814658329853773e-06, ""reg_lambda"": 2.3123640423421308, ""num_leaves"": 8, ""colsample_bytree"": 0.9798098913454406, ""subsample"": 0.807640795942538, ""subsample_freq"": 7, ""min_child_samples"": 35, ""bagging_fraction"": 0.5163380545497795}",mae,0.20725714832976308
30,none,none,sgd,"{""loss"": ""huber"", ""eta0"": 1.0399412645480914e-05, ""penalty"": ""l1"", ""early_stopping"": true}",mae,0.22760974727937605
31,assoc,none,sgd,"{""loss"": ""huber"", ""eta0"": 1.0136188171023121e-05, ""penalty"": ""l1"", ""early_stopping"": true}",mae,0.22637138934388518
32,pred,none,sgd,"{""loss"": ""epsilon_insensitive"", ""eta0"": 1.747253871197165e-05, ""penalty"": ""l2"", ""early_stopping"": false}",mae,0.24169381505832752
33,embed,lgbm,sgd,"{""loss"": ""huber"", ""eta0"": 1.0943023366645917e-05, ""penalty"": ""l1"", ""early_stopping"": false}",mae,0.22698245897751637
34,embed,linear,sgd,"{""loss"": ""huber"", ""eta0"": 1.0520048441193054e-05, ""penalty"": ""l2"", ""early_stopping"": false}",mae,0.22725300153306177
35,wrap,none,sgd,"{""loss"": ""huber"", ""eta0"": 1.312363411534673e-05, ""penalty"": ""l2"", ""early_stopping"": false}",mae,0.22220363006918062
