,selection,embed_selector,model,params,metric,score
0,none,none,dummy,"{""strategy"": ""median""}",mae,0.1769383846387762
1,assoc,none,dummy,"{""strategy"": ""median""}",mae,0.1769383846387762
2,pred,none,dummy,"{""strategy"": ""median""}",mae,0.1769383846387762
3,none,none,gandalf,"{""lr"": 0.19617667366807043, ""wd"": 0.00016014650450777573, ""anneal"": true, ""depth"": 16, ""gflu_dropout"": 0.02259366553512138, ""init_sparsity"": 0.6507057724111762, ""bnorm_cont"": true, ""virtual_batch"": 64}",mae,0.21089249849319458
4,assoc,none,gandalf,"{""lr"": 0.047000366334905196, ""wd"": 0.00016080052329754135, ""anneal"": true, ""depth"": 8, ""gflu_dropout"": 0.07380149153427161, ""init_sparsity"": 0.14140632303554918, ""bnorm_cont"": true, ""virtual_batch"": 64}",mae,0.2051030993461609
5,pred,none,gandalf,"{""lr"": 0.1569790954946591, ""wd"": 1.2094445368008956e-07, ""anneal"": true, ""depth"": 32, ""gflu_dropout"": 0.021770737624684122, ""init_sparsity"": 0.4792834140843971, ""bnorm_cont"": true, ""virtual_batch"": 64}",mae,0.2065647840499878
