feature_name,user,inferred,reason
hotel,,bin,Two unique non-Nan values
oheencoded_Bronx,,bin,Two unique non-Nan values
oheencoded_Brooklyn,,bin,Two unique non-Nan values
oheencoded_Entire_home/apt,,bin,Two unique non-Nan values
oheencoded_Hotel_room,,bin,Two unique non-Nan values
oheencoded_Manhattan,,bin,Two unique non-Nan values
oheencoded_Private_room,,bin,Two unique non-Nan values
oheencoded_Queens,,bin,Two unique non-Nan values
oheencoded_Shared_room,,bin,Two unique non-Nan values
oheencoded_Staten_Island,,bin,Two unique non-Nan values
latitude,,cont,All values are not integers and convert to float
longitude,,cont,All values are not integers and convert to float
Unnamed_0,,id,All values including possible NaNs are unique
Unnamed_0_1,,id,All values including possible NaNs are unique
id,,id,All values including possible NaNs are unique
name,,id?,More unique values than one half of number of non-NaN samples
minimum_nights,,ord,Integers not starting at 0 or 1
availability_365,,ord-coerce,"Coerced to ordinal due to no decimal, feature name or undersampled levels"
city,,ord-coerce,"Coerced to ordinal due to no decimal, feature name or undersampled levels"
cozy,,ord-coerce,"Coerced to ordinal due to no decimal, feature name or undersampled levels"
floor,,ord-coerce,"Coerced to ordinal due to no decimal, feature name or undersampled levels"
in,,ord-coerce,"Coerced to ordinal due to no decimal, feature name or undersampled levels"
luxury,,ord-coerce,"Coerced to ordinal due to no decimal, feature name or undersampled levels"
neighbourhood_labelencoded,,ord-coerce,"Coerced to ordinal due to no decimal, feature name or undersampled levels"
private,,ord-coerce,"Coerced to ordinal due to no decimal, feature name or undersampled levels"
room,,ord-coerce,"Coerced to ordinal due to no decimal, feature name or undersampled levels"
