,selection,embed_selector,model,params,metric,score
0,none,none,dummy,"{""strategy"": ""median""}",mae,0.16387915400443262
1,assoc,none,dummy,"{""strategy"": ""median""}",mae,0.16387915400443262
2,pred,none,dummy,"{""strategy"": ""median""}",mae,0.16387915400443262
3,none,none,gandalf,"{""lr"": 0.17057036200718742, ""wd"": 1.51983595662718e-07, ""anneal"": true, ""depth"": 20, ""gflu_dropout"": 0.08571632956398423, ""init_sparsity"": 0.21729955007357546, ""bnorm_cont"": true, ""virtual_batch"": 8}",mae,0.15351168811321259
4,assoc,none,gandalf,"{""lr"": 0.08795437663367679, ""wd"": 4.067375566226013e-05, ""anneal"": true, ""depth"": 8, ""gflu_dropout"": 0.051032119578600765, ""init_sparsity"": 0.4925937385412441, ""bnorm_cont"": true, ""virtual_batch"": 8}",mae,0.15065374970436096
5,pred,none,gandalf,"{""lr"": 0.13413683855722783, ""wd"": 2.7198454450242143e-06, ""anneal"": true, ""depth"": 16, ""gflu_dropout"": 0.06158198990425327, ""init_sparsity"": 0.2120560718994786, ""bnorm_cont"": true, ""virtual_batch"": 16}",mae,0.15097349882125854
