{
    "version": "3.2.2",
    "cli_args": "df-analyze.py --df data_preprocessed_phase3_without_number_of_reviews.csv --target price --outdir ./gandalf_test_results --mode regress --regressors gandalf --feat-select none --embed-select none --wrapper-select none --norm robust --nan drop median --htune-trials 8 --htune-cls-metric auroc --htune-reg-metric mae --test-val-size 0.4",
    "datapath": {
        "_drv": "",
        "_root": "/",
        "_parts": [
            "/",
            "home",
            "moayad",
            "Downloads",
            "StFX TA & XP & Student",
            "df-analyze",
            "data_preprocessed_phase3_without_number_of_reviews.csv"
        ],
        "_str": "/home/moayad/Downloads/StFX TA & XP & Student/df-analyze/data_preprocessed_phase3_without_number_of_reviews.csv"
    },
    "target": "price",
    "grouper": null,
    "categoricals": [],
    "ordinals": [],
    "drops": [],
    "nan_handling": {
        "_value_": "drop",
        "_name_": "Drop",
        "__objclass__": {
            "py/type": "df_analyze.enumerables.NanHandling"
        }
    },
    "norm": {
        "_value_": "robust",
        "_name_": "Robust",
        "__objclass__": {
            "py/type": "df_analyze.enumerables.Normalization"
        }
    },
    "feat_select": [],
    "embed_select": [],
    "wrapper_select": null,
    "wrapper_model": {
        "_value_": "linear",
        "_name_": "Linear",
        "__objclass__": {
            "py/type": "df_analyze.enumerables.WrapperSelectionModel"
        }
    },
    "n_filter_cont": 0.5,
    "n_filter_cat": 0.5,
    "n_feat_filter": 0.5,
    "n_feat_wrapper": 20,
    "filter_assoc_cont_cls": {
        "_value_": "mut_info",
        "_name_": "MutualInfo",
        "__objclass__": {
            "py/type": "df_analyze.analysis.univariate.associate.ContClsStats"
        }
    },
    "filter_assoc_cat_cls": {
        "_value_": "mut_info",
        "_name_": "MutualInfo",
        "__objclass__": {
            "py/type": "df_analyze.analysis.univariate.associate.CatClsStats"
        }
    },
    "filter_assoc_cont_reg": {
        "_value_": "F",
        "_name_": "F",
        "__objclass__": {
            "py/type": "df_analyze.analysis.univariate.associate.ContRegStats"
        }
    },
    "filter_assoc_cat_reg": {
        "_value_": "H",
        "_name_": "H",
        "__objclass__": {
            "py/type": "df_analyze.analysis.univariate.associate.CatRegStats"
        }
    },
    "filter_pred_cls_score": {
        "_value_": "acc",
        "_name_": "Accuracy",
        "__objclass__": {
            "py/type": "df_analyze.enumerables.ClsScore"
        }
    },
    "filter_pred_reg_score": {
        "_value_": "mae",
        "_name_": "MAE",
        "__objclass__": {
            "py/type": "df_analyze.enumerables.RegScore"
        }
    },
    "redundant_selection": false,
    "redundant_threshold": 0.005,
    "redundant_corr_threshold": 0.8,
    "is_classification": false,
    "classifiers": [
        {
            "_value_": "dummy",
            "_name_": "Dummy",
            "__objclass__": {
                "py/type": "df_analyze.enumerables.DfAnalyzeClassifier"
            }
        },
        {
            "_value_": "knn",
            "_name_": "KNN",
            "__objclass__": {
                "py/type": "df_analyze.enumerables.DfAnalyzeClassifier"
            }
        },
        {
            "_value_": "lgbm",
            "_name_": "LGBM",
            "__objclass__": {
                "py/type": "df_analyze.enumerables.DfAnalyzeClassifier"
            }
        },
        {
            "_value_": "lr",
            "_name_": "LR",
            "__objclass__": {
                "py/type": "df_analyze.enumerables.DfAnalyzeClassifier"
            }
        },
        {
            "_value_": "sgd",
            "_name_": "SGD",
            "__objclass__": {
                "py/type": "df_analyze.enumerables.DfAnalyzeClassifier"
            }
        }
    ],
    "regressors": [
        {
            "_value_": "dummy",
            "_name_": "Dummy",
            "__objclass__": {
                "py/type": "df_analyze.enumerables.DfAnalyzeRegressor"
            }
        },
        {
            "_value_": "gandalf",
            "_name_": "GANDALF",
            "__objclass__": {
                "py/type": "df_analyze.enumerables.DfAnalyzeRegressor"
            }
        }
    ],
    "htune_trials": 8,
    "htune_cls_metric": {
        "_value_": "auroc",
        "_name_": "AUROC",
        "__objclass__": {
            "py/type": "df_analyze.enumerables.ClassifierScorer"
        }
    },
    "htune_reg_metric": {
        "_value_": "mae",
        "_name_": "MAE",
        "__objclass__": {
            "py/type": "df_analyze.enumerables.RegressorScorer"
        }
    },
    "test_val_size": 0.4,
    "outdir": {
        "_drv": "",
        "_root": "/",
        "_parts": [
            "/",
            "home",
            "moayad",
            "Downloads",
            "StFX TA & XP & Student",
            "df-analyze",
            "gandalf_test_results",
            "data_preprocessed_phase3_without_number_of_reviews"
        ],
        "_str": "/home/moayad/Downloads/StFX TA & XP & Student/df-analyze/gandalf_test_results/data_preprocessed_phase3_without_number_of_reviews"
    },
    "is_spreadsheet": false,
    "separator": ",",
    "verbosity": {
        "_value_": 1,
        "_name_": "INFO",
        "__objclass__": {
            "py/type": "df_analyze.cli.cli.Verbosity"
        }
    },
    "no_warn_explosion": false,
    "no_preds": false,
    "program_dirs": {
        "root": {
            "_drv": "",
            "_root": "/",
            "_parts": [
                "/",
                "home",
                "moayad",
                "Downloads",
                "StFX TA & XP & Student",
                "df-analyze",
                "gandalf_test_results",
                "data_preprocessed_phase3_without_number_of_reviews",
                "86ece003ac731d5201b9bc1a785641d1"
            ],
            "_str": "/home/moayad/Downloads/StFX TA & XP & Student/df-analyze/gandalf_test_results/data_preprocessed_phase3_without_number_of_reviews/86ece003ac731d5201b9bc1a785641d1"
        },
        "terminal": {
            "_drv": "",
            "_root": "/",
            "_parts": [
                "/",
                "home",
                "moayad",
                "Downloads",
                "StFX TA & XP & Student",
                "df-analyze",
                "gandalf_test_results",
                "data_preprocessed_phase3_without_number_of_reviews",
                "86ece003ac731d5201b9bc1a785641d1",
                "terminal_outputs.txt"
            ],
            "_str": "/home/moayad/Downloads/StFX TA & XP & Student/df-analyze/gandalf_test_results/data_preprocessed_phase3_without_number_of_reviews/86ece003ac731d5201b9bc1a785641d1/terminal_outputs.txt"
        },
        "options": {
            "_drv": "",
            "_root": "/",
            "_parts": [
                "/",
                "home",
                "moayad",
                "Downloads",
                "StFX TA & XP & Student",
                "df-analyze",
                "gandalf_test_results",
                "data_preprocessed_phase3_without_number_of_reviews",
                "86ece003ac731d5201b9bc1a785641d1",
                "options.json"
            ],
            "_str": "/home/moayad/Downloads/StFX TA & XP & Student/df-analyze/gandalf_test_results/data_preprocessed_phase3_without_number_of_reviews/86ece003ac731d5201b9bc1a785641d1/options.json"
        },
        "joblib_cache": {
            "_drv": "",
            "_root": "/",
            "_parts": [
                "/",
                "home",
                "moayad",
                "Downloads",
                "StFX TA & XP & Student",
                "df-analyze",
                "gandalf_test_results",
                "data_preprocessed_phase3_without_number_of_reviews",
                "86ece003ac731d5201b9bc1a785641d1",
                "__JOBLIB_CACHE__"
            ],
            "_str": "/home/moayad/Downloads/StFX TA & XP & Student/df-analyze/gandalf_test_results/data_preprocessed_phase3_without_number_of_reviews/86ece003ac731d5201b9bc1a785641d1/__JOBLIB_CACHE__"
        },
        "renames": {
            "_drv": "",
            "_root": "/",
            "_parts": [
                "/",
                "home",
                "moayad",
                "Downloads",
                "StFX TA & XP & Student",
                "df-analyze",
                "gandalf_test_results",
                "data_preprocessed_phase3_without_number_of_reviews",
                "86ece003ac731d5201b9bc1a785641d1",
                "feature_renamings.md"
            ],
            "_str": "/home/moayad/Downloads/StFX TA & XP & Student/df-analyze/gandalf_test_results/data_preprocessed_phase3_without_number_of_reviews/86ece003ac731d5201b9bc1a785641d1/feature_renamings.md"
        },
        "inspection": {
            "_drv": "",
            "_root": "/",
            "_parts": [
                "/",
                "home",
                "moayad",
                "Downloads",
                "StFX TA & XP & Student",
                "df-analyze",
                "gandalf_test_results",
                "data_preprocessed_phase3_without_number_of_reviews",
                "86ece003ac731d5201b9bc1a785641d1",
                "inspection"
            ],
            "_str": "/home/moayad/Downloads/StFX TA & XP & Student/df-analyze/gandalf_test_results/data_preprocessed_phase3_without_number_of_reviews/86ece003ac731d5201b9bc1a785641d1/inspection"
        },
        "prepared": {
            "_drv": "",
            "_root": "/",
            "_parts": [
                "/",
                "home",
                "moayad",
                "Downloads",
                "StFX TA & XP & Student",
                "df-analyze",
                "gandalf_test_results",
                "data_preprocessed_phase3_without_number_of_reviews",
                "86ece003ac731d5201b9bc1a785641d1",
                "prepared"
            ],
            "_str": "/home/moayad/Downloads/StFX TA & XP & Student/df-analyze/gandalf_test_results/data_preprocessed_phase3_without_number_of_reviews/86ece003ac731d5201b9bc1a785641d1/prepared"
        },
        "features": {
            "_drv": "",
            "_root": "/",
            "_parts": [
                "/",
                "home",
                "moayad",
                "Downloads",
                "StFX TA & XP & Student",
                "df-analyze",
                "gandalf_test_results",
                "data_preprocessed_phase3_without_number_of_reviews",
                "86ece003ac731d5201b9bc1a785641d1",
                "features"
            ],
            "_str": "/home/moayad/Downloads/StFX TA & XP & Student/df-analyze/gandalf_test_results/data_preprocessed_phase3_without_number_of_reviews/86ece003ac731d5201b9bc1a785641d1/features"
        },
        "associations": {
            "_drv": "",
            "_root": "/",
            "_parts": [
                "/",
                "home",
                "moayad",
                "Downloads",
                "StFX TA & XP & Student",
                "df-analyze",
                "gandalf_test_results",
                "data_preprocessed_phase3_without_number_of_reviews",
                "86ece003ac731d5201b9bc1a785641d1",
                "features",
                "associations"
            ],
            "_str": "/home/moayad/Downloads/StFX TA & XP & Student/df-analyze/gandalf_test_results/data_preprocessed_phase3_without_number_of_reviews/86ece003ac731d5201b9bc1a785641d1/features/associations"
        },
        "predictions": {
            "_drv": "",
            "_root": "/",
            "_parts": [
                "/",
                "home",
                "moayad",
                "Downloads",
                "StFX TA & XP & Student",
                "df-analyze",
                "gandalf_test_results",
                "data_preprocessed_phase3_without_number_of_reviews",
                "86ece003ac731d5201b9bc1a785641d1",
                "features",
                "predictions"
            ],
            "_str": "/home/moayad/Downloads/StFX TA & XP & Student/df-analyze/gandalf_test_results/data_preprocessed_phase3_without_number_of_reviews/86ece003ac731d5201b9bc1a785641d1/features/predictions"
        },
        "selection": {
            "_drv": "",
            "_root": "/",
            "_parts": [
                "/",
                "home",
                "moayad",
                "Downloads",
                "StFX TA & XP & Student",
                "df-analyze",
                "gandalf_test_results",
                "data_preprocessed_phase3_without_number_of_reviews",
                "86ece003ac731d5201b9bc1a785641d1",
                "selection"
            ],
            "_str": "/home/moayad/Downloads/StFX TA & XP & Student/df-analyze/gandalf_test_results/data_preprocessed_phase3_without_number_of_reviews/86ece003ac731d5201b9bc1a785641d1/selection"
        },
        "filter": {
            "_drv": "",
            "_root": "/",
            "_parts": [
                "/",
                "home",
                "moayad",
                "Downloads",
                "StFX TA & XP & Student",
                "df-analyze",
                "gandalf_test_results",
                "data_preprocessed_phase3_without_number_of_reviews",
                "86ece003ac731d5201b9bc1a785641d1",
                "selection",
                "filter"
            ],
            "_str": "/home/moayad/Downloads/StFX TA & XP & Student/df-analyze/gandalf_test_results/data_preprocessed_phase3_without_number_of_reviews/86ece003ac731d5201b9bc1a785641d1/selection/filter"
        },
        "embed": {
            "_drv": "",
            "_root": "/",
            "_parts": [
                "/",
                "home",
                "moayad",
                "Downloads",
                "StFX TA & XP & Student",
                "df-analyze",
                "gandalf_test_results",
                "data_preprocessed_phase3_without_number_of_reviews",
                "86ece003ac731d5201b9bc1a785641d1",
                "selection",
                "embed"
            ],
            "_str": "/home/moayad/Downloads/StFX TA & XP & Student/df-analyze/gandalf_test_results/data_preprocessed_phase3_without_number_of_reviews/86ece003ac731d5201b9bc1a785641d1/selection/embed"
        },
        "wrapper": {
            "_drv": "",
            "_root": "/",
            "_parts": [
                "/",
                "home",
                "moayad",
                "Downloads",
                "StFX TA & XP & Student",
                "df-analyze",
                "gandalf_test_results",
                "data_preprocessed_phase3_without_number_of_reviews",
                "86ece003ac731d5201b9bc1a785641d1",
                "selection",
                "wrapper"
            ],
            "_str": "/home/moayad/Downloads/StFX TA & XP & Student/df-analyze/gandalf_test_results/data_preprocessed_phase3_without_number_of_reviews/86ece003ac731d5201b9bc1a785641d1/selection/wrapper"
        },
        "tuning": {
            "_drv": "",
            "_root": "/",
            "_parts": [
                "/",
                "home",
                "moayad",
                "Downloads",
                "StFX TA & XP & Student",
                "df-analyze",
                "gandalf_test_results",
                "data_preprocessed_phase3_without_number_of_reviews",
                "86ece003ac731d5201b9bc1a785641d1",
                "tuning"
            ],
            "_str": "/home/moayad/Downloads/StFX TA & XP & Student/df-analyze/gandalf_test_results/data_preprocessed_phase3_without_number_of_reviews/86ece003ac731d5201b9bc1a785641d1/tuning"
        },
        "results": {
            "_drv": "",
            "_root": "/",
            "_parts": [
                "/",
                "home",
                "moayad",
                "Downloads",
                "StFX TA & XP & Student",
                "df-analyze",
                "gandalf_test_results",
                "data_preprocessed_phase3_without_number_of_reviews",
                "86ece003ac731d5201b9bc1a785641d1",
                "results"
            ],
            "_str": "/home/moayad/Downloads/StFX TA & XP & Student/df-analyze/gandalf_test_results/data_preprocessed_phase3_without_number_of_reviews/86ece003ac731d5201b9bc1a785641d1/results"
        },
        "needs_clean": false
    },
    "comparables": {
        "model": [
            {
                "_value_": "dummy",
                "_name_": "Dummy",
                "__objclass__": {
                    "py/type": "df_analyze.enumerables.DfAnalyzeRegressor"
                }
            },
            {
                "_value_": "gandalf",
                "_name_": "GANDALF",
                "__objclass__": {
                    "py/type": "df_analyze.enumerables.DfAnalyzeRegressor"
                }
            }
        ],
        "selection": [],
        "norm": {
            "_value_": "robust",
            "_name_": "Robust",
            "__objclass__": {
                "py/type": "df_analyze.enumerables.Normalization"
            }
        }
    }
}