,selection,embed_selector,model,params,metric,score
0,none,none,dummy,"{""strategy"": ""median""}",mae,0.1807394226826943
1,assoc,none,dummy,"{""strategy"": ""median""}",mae,0.1807394226826943
2,pred,none,dummy,"{""strategy"": ""median""}",mae,0.1807394226826943
3,embed,lgbm,dummy,"{""strategy"": ""median""}",mae,0.1807394226826943
4,embed,linear,dummy,"{""strategy"": ""median""}",mae,0.1807394226826943
5,wrap,none,dummy,"{""strategy"": ""median""}",mae,0.1807394226826943
6,none,none,elastic,"{""alpha"": 0.030283961766036482, ""l1_ratio"": 0.032957101749731085}",mae,0.1744126374719976
7,assoc,none,elastic,"{""alpha"": 0.03818434612127761, ""l1_ratio"": 0.014396746545053185}",mae,0.17439083894419674
8,pred,none,elastic,"{""alpha"": 0.014269593181025445, ""l1_ratio"": 0.2148361213198955}",mae,0.17522705063573502
9,embed,lgbm,elastic,"{""alpha"": 0.19405367937048745, ""l1_ratio"": 0.5035786017928681}",mae,0.2025173712121585
10,embed,linear,elastic,"{""alpha"": 0.03745753791429812, ""l1_ratio"": 0.016904019695713222}",mae,0.17439195976743213
11,wrap,none,elastic,"{""alpha"": 0.999966743413978, ""l1_ratio"": 0.9998370021136354}",mae,0.20367392822567165
12,none,none,knn,"{""n_neighbors"": 10, ""weights"": ""uniform"", ""metric"": ""l2""}",mae,0.2118373278403959
13,assoc,none,knn,"{""n_neighbors"": 25, ""weights"": ""distance"", ""metric"": ""correlation""}",mae,0.2118373278403959
14,pred,none,knn,"{""n_neighbors"": 25, ""weights"": ""uniform"", ""metric"": ""correlation""}",mae,0.2031118547943444
15,embed,lgbm,knn,"{""n_neighbors"": 25, ""weights"": ""uniform"", ""metric"": ""l2""}",mae,0.21937623577851237
16,embed,linear,knn,"{""n_neighbors"": 5, ""weights"": ""distance"", ""metric"": ""cosine""}",mae,0.2118373278403959
17,wrap,none,knn,"{""n_neighbors"": 50, ""weights"": ""uniform"", ""metric"": ""l2""}",mae,0.21001028650261086
18,none,none,lgbm,"{""n_estimators"": 50, ""reg_alpha"": 7.488131861713565e-05, ""reg_lambda"": 9.975997445167256, ""num_leaves"": 20, ""colsample_bytree"": 0.48633737009677647, ""subsample"": 0.9464908608705109, ""subsample_freq"": 1, ""min_child_samples"": 15}",mae,0.16491109616507327
19,assoc,none,lgbm,"{""n_estimators"": 50, ""reg_alpha"": 0.09186742773209754, ""reg_lambda"": 0.0033256021926170434, ""num_leaves"": 119, ""colsample_bytree"": 0.6423293251543386, ""subsample"": 0.4706471122770731, ""subsample_freq"": 6, ""min_child_samples"": 88}",mae,0.16314295883407864
20,pred,none,lgbm,"{""n_estimators"": 50, ""reg_alpha"": 0.0009615695515056918, ""reg_lambda"": 1.4300399131039522e-05, ""num_leaves"": 247, ""colsample_bytree"": 0.9615286193808809, ""subsample"": 0.9400907501194056, ""subsample_freq"": 3, ""min_child_samples"": 89}",mae,0.16687319756030466
21,embed,lgbm,lgbm,"{""n_estimators"": 50, ""reg_alpha"": 0.007575941372460959, ""reg_lambda"": 0.05263875055131703, ""num_leaves"": 44, ""colsample_bytree"": 0.6386023871467024, ""subsample"": 0.6793058738184325, ""subsample_freq"": 1, ""min_child_samples"": 89}",mae,0.18323900227279122
22,embed,linear,lgbm,"{""n_estimators"": 50, ""reg_alpha"": 0.001003700454917192, ""reg_lambda"": 9.818393150400096, ""num_leaves"": 26, ""colsample_bytree"": 0.9981151512238687, ""subsample"": 0.8600214395501413, ""subsample_freq"": 0, ""min_child_samples"": 52}",mae,0.16357548471580058
23,wrap,none,lgbm,"{""n_estimators"": 50, ""reg_alpha"": 6.91227228697749e-05, ""reg_lambda"": 0.0007741971718926324, ""num_leaves"": 32, ""colsample_bytree"": 0.6248707494497199, ""subsample"": 0.5185818091487044, ""subsample_freq"": 4, ""min_child_samples"": 55}",mae,0.19018035353222676
24,none,none,rf,"{""n_estimators"": 200, ""reg_alpha"": 0.8606382779194979, ""reg_lambda"": 5.326933488774091e-07, ""num_leaves"": 146, ""colsample_bytree"": 0.7151709926754826, ""subsample"": 0.531378007937689, ""subsample_freq"": 4, ""min_child_samples"": 24, ""bagging_fraction"": 0.759431567470515}",mae,0.15926644663428138
25,assoc,none,rf,"{""n_estimators"": 50, ""reg_alpha"": 0.5513902577962839, ""reg_lambda"": 8.966786769915387, ""num_leaves"": 253, ""colsample_bytree"": 0.8814773887649731, ""subsample"": 0.7532348736882942, ""subsample_freq"": 1, ""min_child_samples"": 13, ""bagging_fraction"": 0.5125559334490508}",mae,0.153096523839315
26,pred,none,rf,"{""n_estimators"": 150, ""reg_alpha"": 0.01522224320137023, ""reg_lambda"": 0.25642304038244396, ""num_leaves"": 128, ""colsample_bytree"": 0.6772901212703794, ""subsample"": 0.773808369321974, ""subsample_freq"": 3, ""min_child_samples"": 43, ""bagging_fraction"": 0.5179842932586834}",mae,0.1639712190700678
27,embed,lgbm,rf,"{""n_estimators"": 200, ""reg_alpha"": 1.2454366357287627, ""reg_lambda"": 4.834234264336977, ""num_leaves"": 161, ""colsample_bytree"": 0.9911906168863174, ""subsample"": 0.6172523290284666, ""subsample_freq"": 0, ""min_child_samples"": 7, ""bagging_fraction"": 0.5100313764168394}",mae,0.17281161775944934
28,embed,linear,rf,"{""n_estimators"": 200, ""reg_alpha"": 1.7784844335786472, ""reg_lambda"": 0.8632371971306068, ""num_leaves"": 165, ""colsample_bytree"": 0.7199925077764506, ""subsample"": 0.9601976889245047, ""subsample_freq"": 1, ""min_child_samples"": 24, ""bagging_fraction"": 0.625464574521473}",mae,0.15935013404913806
29,wrap,none,rf,"{""n_estimators"": 150, ""reg_alpha"": 6.615180808525931e-05, ""reg_lambda"": 7.783924562030533, ""num_leaves"": 104, ""colsample_bytree"": 0.9485538378798954, ""subsample"": 0.5843972703015673, ""subsample_freq"": 0, ""min_child_samples"": 14, ""bagging_fraction"": 0.38755623548798135}",mae,0.18969674845884915
30,none,none,sgd,"{""loss"": ""epsilon_insensitive"", ""eta0"": 2.435151243144957e-05, ""penalty"": ""l1"", ""early_stopping"": false}",mae,0.15998299334411095
31,assoc,none,sgd,"{""loss"": ""epsilon_insensitive"", ""eta0"": 4.651864164696203e-05, ""penalty"": ""l1"", ""early_stopping"": false}",mae,0.15811706464862413
32,pred,none,sgd,"{""loss"": ""huber"", ""eta0"": 0.00017385993476896704, ""penalty"": ""l1"", ""early_stopping"": true}",mae,0.16027399119533856
33,embed,lgbm,sgd,"{""loss"": ""huber"", ""eta0"": 1.2208234871466808e-05, ""penalty"": ""l1"", ""early_stopping"": false}",mae,0.17873738202927475
34,embed,linear,sgd,"{""loss"": ""epsilon_insensitive"", ""eta0"": 7.19155045396327e-05, ""penalty"": ""l1"", ""early_stopping"": false}",mae,0.15752339360335488
35,wrap,none,sgd,"{""loss"": ""huber"", ""eta0"": 1.00972659909314e-05, ""penalty"": ""l2"", ""early_stopping"": false}",mae,0.18063976418170444
