,mut_info,H,H_p
hotel,0.0,3919.7717642024077,0.0
oheencoded_Bronx,0.0014800027527606119,4195.871739454829,0.0
oheencoded_Brooklyn,0.005126242207144305,10789.4832442863,0.0
oheencoded_Entire_home/apt,0.0,14057.591746335087,0.0
oheencoded_Hotel_room,1.7658555654387342e-06,3915.366874934872,0.0
oheencoded_Manhattan,0.00840934565228535,10897.21963524105,0.0
oheencoded_Private_room,0.0035907125953271724,10635.631788060746,0.0
oheencoded_Queens,0.004448973702330106,5452.936168903811,0.0
oheencoded_Shared_room,0.0006945050146439646,4051.8862431273,0.0
oheencoded_Staten_Island,0.0014304384358414524,3980.862232139271,0.0
