{"py/object": "df_analyze.selection.wrapper.WrapperSelected", "method": {"py/reduce": [{"py/type": "df_analyze.enumerables.WrapperSelection"}, {"py/tuple": ["step-up"]}]}, "model": {"py/reduce": [{"py/type": "df_analyze.enumerables.WrapperSelectionModel"}, {"py/tuple": ["linear"]}]}, "selected": ["neighbourhood_labelencoded"], "scores": {"neighbourhood_labelencoded": {"py/reduce": [{"py/function": "numpy._core.multiarray.scalar"}, {"py/tuple": [{"py/reduce": [{"py/type": "numpy.dtype"}, {"py/tuple": ["f8", false, true]}, {"py/tuple": [3, "<", null, null, null, -1, -1, 0]}]}, {"py/b64": "oGxquRMUyr8="}]}]}}, "redundants": [{"py/object": "df_analyze.selection.stepwise.RedundantFeatures", "best": "neighbourhood_labelencoded", "best_score": {"py/id": 5}, "features": ["oheencoded_Queens_nan", "oheencoded_Manhattan_1.0", "hotel_1.0", "hotel_nan", "luxury", "room", "oheencoded_Brooklyn_nan", "oheencoded_Hotel_room_1.0", "city", "oheencoded_Shared_room_nan", "private", "oheencoded_Manhattan_nan", "oheencoded_Bronx_1.0", "oheencoded_Brooklyn_1.0", "oheencoded_Bronx_nan", "in", "oheencoded_Staten_Island_nan", "longitude", "oheencoded_Entire_home/apt_1.0", "oheencoded_Private_room_1.0", "floor", "oheencoded_Entire_home/apt_nan", "oheencoded_Hotel_room_nan", "cozy", "oheencoded_Queens_1.0", "oheencoded_Staten_Island_1.0", "oheencoded_Shared_room_1.0", "oheencoded_Private_room_nan", "latitude", "minimum_nights", "availability_365", "neighbourhood_labelencoded"], "scores": [-0.20464858071706438, -0.20464858071706438, -0.20464858071706438, -0.20464858071706438, -0.20464858071706438, -0.20464858071706438, -0.20464858071706438, -0.20464858071706438, -0.20464858071706438, -0.20464858071706438, -0.20464858071706438, -0.20464858071706438, -0.20464858071706438, -0.20464858071706438, -0.20464858071706438, -0.20464858071706438, -0.20464858071706438, -0.20464858071706438, -0.20464858071706438, -0.20464858071706438, -0.20464858071706438, -0.20464858071706438, -0.20464858071706438, -0.20464858071706438, -0.20464858071706438, -0.20464858071706438, -0.20464858071706438, -0.20464858071706438, -0.20464858071706438, -0.20454718781303188, -0.20403128109199992, -0.20373770287992432], "metric": "MAE"}], "early_stop": true, "is_classification": false}