,selection,embed_selector,model,params,metric,score
0,none,none,dummy,"{""strategy"": ""median""}",mae,0.1807394226826943
1,assoc,none,dummy,"{""strategy"": ""median""}",mae,0.1807394226826943
2,pred,none,dummy,"{""strategy"": ""median""}",mae,0.1807394226826943
3,embed,lgbm,dummy,"{""strategy"": ""median""}",mae,0.1807394226826943
4,embed,linear,dummy,"{""strategy"": ""median""}",mae,0.1807394226826943
5,wrap,none,dummy,"{""strategy"": ""median""}",mae,0.1807394226826943
6,none,none,elastic,"{""alpha"": 0.03140868980108259, ""l1_ratio"": 0.03597785512621073}",mae,0.17448503207101368
7,assoc,none,elastic,"{""alpha"": 0.03612765488526429, ""l1_ratio"": 0.017596295816716845}",mae,0.17446502522372748
8,pred,none,elastic,"{""alpha"": 0.010746416427965706, ""l1_ratio"": 0.11656785993069757}",mae,0.17499880612991253
9,embed,lgbm,elastic,"{""alpha"": 0.010284433298717921, ""l1_ratio"": 0.2678814714013074}",mae,0.19665916094893776
10,embed,linear,elastic,"{""alpha"": 0.014707265484799411, ""l1_ratio"": 0.22961325400086569}",mae,0.17454806253356284
11,wrap,none,elastic,"{""alpha"": 0.9311830866272226, ""l1_ratio"": 0.9995650854606333}",mae,0.20367682929812042
12,none,none,knn,"{""n_neighbors"": 50, ""weights"": ""distance"", ""metric"": ""correlation""}",mae,0.20150303574289935
13,assoc,none,knn,"{""n_neighbors"": 1, ""weights"": ""uniform"", ""metric"": ""l2""}",mae,0.20150303574289935
14,pred,none,knn,"{""n_neighbors"": 10, ""weights"": ""uniform"", ""metric"": ""correlation""}",mae,0.20166478933790777
15,embed,lgbm,knn,"{""n_neighbors"": 5, ""weights"": ""uniform"", ""metric"": ""cosine""}",mae,0.21140372891979053
16,embed,linear,knn,"{""n_neighbors"": 50, ""weights"": ""uniform"", ""metric"": ""l2""}",mae,0.20150303574289935
17,wrap,none,knn,"{""n_neighbors"": 5, ""weights"": ""distance"", ""metric"": ""cosine""}",mae,0.21001028650261086
18,none,none,lgbm,"{""n_estimators"": 50, ""reg_alpha"": 7.457357266188119e-05, ""reg_lambda"": 0.7333149492821638, ""num_leaves"": 144, ""colsample_bytree"": 0.774672564716888, ""subsample"": 0.4984334026562487, ""subsample_freq"": 5, ""min_child_samples"": 94}",mae,0.16430447030585976
19,assoc,none,lgbm,"{""n_estimators"": 50, ""reg_alpha"": 5.4690047284945874e-08, ""reg_lambda"": 0.021440958324155098, ""num_leaves"": 31, ""colsample_bytree"": 0.8387989068581954, ""subsample"": 0.8015172584202528, ""subsample_freq"": 3, ""min_child_samples"": 94}",mae,0.16462002499481027
20,pred,none,lgbm,"{""n_estimators"": 50, ""reg_alpha"": 3.724069918918828e-07, ""reg_lambda"": 0.035753802634649494, ""num_leaves"": 34, ""colsample_bytree"": 0.789496365497837, ""subsample"": 0.9989790841446725, ""subsample_freq"": 0, ""min_child_samples"": 100}",mae,0.16670912270330968
21,embed,lgbm,lgbm,"{""n_estimators"": 50, ""reg_alpha"": 0.3810799413676022, ""reg_lambda"": 9.036885533483954, ""num_leaves"": 33, ""colsample_bytree"": 0.6122860968680255, ""subsample"": 0.8097178490910264, ""subsample_freq"": 5, ""min_child_samples"": 63}",mae,0.182424219547569
22,embed,linear,lgbm,"{""n_estimators"": 50, ""reg_alpha"": 1.5859947008195254, ""reg_lambda"": 0.02233003353312884, ""num_leaves"": 94, ""colsample_bytree"": 0.6602568269047145, ""subsample"": 0.6854377485838381, ""subsample_freq"": 5, ""min_child_samples"": 93}",mae,0.16399627429669353
23,wrap,none,lgbm,"{""n_estimators"": 200, ""reg_alpha"": 0.009597304532702364, ""reg_lambda"": 4.0683839311616765, ""num_leaves"": 67, ""colsample_bytree"": 0.7610394888891502, ""subsample"": 0.4182758983241683, ""subsample_freq"": 7, ""min_child_samples"": 30}",mae,0.190044789885114
24,none,none,rf,"{""n_estimators"": 200, ""reg_alpha"": 1.9218544394562146e-07, ""reg_lambda"": 3.155265703991431e-06, ""num_leaves"": 249, ""colsample_bytree"": 0.709632717536642, ""subsample"": 0.7414821727422971, ""subsample_freq"": 7, ""min_child_samples"": 49, ""bagging_fraction"": 0.8049201931536074}",mae,0.1613423537686743
25,assoc,none,rf,"{""n_estimators"": 150, ""reg_alpha"": 3.011697995345381e-07, ""reg_lambda"": 1.0863041258344417e-07, ""num_leaves"": 235, ""colsample_bytree"": 0.7307573561706141, ""subsample"": 0.9908697654942664, ""subsample_freq"": 1, ""min_child_samples"": 23, ""bagging_fraction"": 0.7311414723180794}",mae,0.16036802575337783
26,pred,none,rf,"{""n_estimators"": 200, ""reg_alpha"": 6.361833861162614e-08, ""reg_lambda"": 9.81038449424612, ""num_leaves"": 74, ""colsample_bytree"": 0.8101212274783194, ""subsample"": 0.7264523682372224, ""subsample_freq"": 1, ""min_child_samples"": 12, ""bagging_fraction"": 0.7583928107777387}",mae,0.15909192635086605
27,embed,lgbm,rf,"{""n_estimators"": 300, ""reg_alpha"": 8.065420161578053e-07, ""reg_lambda"": 2.0829697479245346, ""num_leaves"": 157, ""colsample_bytree"": 0.9896905711902759, ""subsample"": 0.868503195421561, ""subsample_freq"": 6, ""min_child_samples"": 18, ""bagging_fraction"": 0.42394527786298813}",mae,0.17814407924664924
28,embed,linear,rf,"{""n_estimators"": 200, ""reg_alpha"": 9.973390620052077e-08, ""reg_lambda"": 7.511711589808205e-08, ""num_leaves"": 172, ""colsample_bytree"": 0.7419524752588016, ""subsample"": 0.8329102159889763, ""subsample_freq"": 2, ""min_child_samples"": 7, ""bagging_fraction"": 0.370146139852862}",mae,0.1610428737749611
29,wrap,none,rf,"{""n_estimators"": 150, ""reg_alpha"": 0.0014863601288568277, ""reg_lambda"": 9.526615890828731, ""num_leaves"": 60, ""colsample_bytree"": 0.9517950098311285, ""subsample"": 0.6534992037203422, ""subsample_freq"": 7, ""min_child_samples"": 11, ""bagging_fraction"": 0.5663728574261522}",mae,0.1895234827922562
30,none,none,sgd,"{""loss"": ""huber"", ""eta0"": 0.00015906546497463083, ""penalty"": ""l2"", ""early_stopping"": true}",mae,0.16249692987111605
31,assoc,none,sgd,"{""loss"": ""huber"", ""eta0"": 0.00019595561030403866, ""penalty"": ""l1"", ""early_stopping"": false}",mae,0.1657740979577161
32,pred,none,sgd,"{""loss"": ""huber"", ""eta0"": 0.00019816493133265409, ""penalty"": ""l1"", ""early_stopping"": true}",mae,0.16102247598947458
33,embed,lgbm,sgd,"{""loss"": ""huber"", ""eta0"": 1.0956476909693318e-05, ""penalty"": ""l2"", ""early_stopping"": false}",mae,0.17881367363158432
34,embed,linear,sgd,"{""loss"": ""huber"", ""eta0"": 0.00023025880268784014, ""penalty"": ""l1"", ""early_stopping"": true}",mae,0.15733479140112955
35,wrap,none,sgd,"{""loss"": ""huber"", ""eta0"": 0.0002484880920230959, ""penalty"": ""l1"", ""early_stopping"": true}",mae,0.18061161381935018
