{"py/object": "df_analyze.selection.embedded.EmbedSelected", "model": {"py/reduce": [{"py/type": "df_analyze.enumerables.EmbedSelectionModel"}, {"py/tuple": ["linear"]}]}, "selected": ["latitude", "longitude", "minimum_nights", "availability_365", "neighbourhood_labelencoded", "luxury", "floor", "city", "private", "in", "cozy", "room", "hotel_1.0", "oheencoded_Bronx_1.0", "oheencoded_Brooklyn_1.0", "oheencoded_Entire_home/apt_1.0", "oheencoded_Hotel_room_1.0", "oheencoded_Manhattan_1.0", "oheencoded_Private_room_1.0", "oheencoded_Queens_1.0", "oheencoded_Shared_room_1.0", "oheencoded_Staten_Island_1.0"], "scores": {"latitude": {"py/reduce": [{"py/function": "numpy._core.multiarray.scalar"}, {"py/tuple": [{"py/reduce": [{"py/type": "numpy.dtype"}, {"py/tuple": ["f8", false, true]}, {"py/tuple": [3, "<", null, null, null, -1, -1, 0]}]}, {"py/b64": "VEQ3BbM3vb8="}]}]}, "longitude": {"py/reduce": [{"py/function": "numpy._core.multiarray.scalar"}, {"py/tuple": [{"py/id": 5}, {"py/b64": "fmu/U+lxsL8="}]}]}, "minimum_nights": {"py/reduce": [{"py/function": "numpy._core.multiarray.scalar"}, {"py/tuple": [{"py/id": 5}, {"py/b64": "vtthuEPPY78="}]}]}, "availability_365": {"py/reduce": [{"py/function": "numpy._core.multiarray.scalar"}, {"py/tuple": [{"py/id": 5}, {"py/b64": "QmRxmPx6cL8="}]}]}, "neighbourhood_labelencoded": {"py/reduce": [{"py/function": "numpy._core.multiarray.scalar"}, {"py/tuple": [{"py/id": 5}, {"py/b64": "uMUUyRc+cb8="}]}]}, "luxury": {"py/reduce": [{"py/function": "numpy._core.multiarray.scalar"}, {"py/tuple": [{"py/id": 5}, {"py/b64": "IiBhD5ygsj8="}]}]}, "floor": {"py/reduce": [{"py/function": "numpy._core.multiarray.scalar"}, {"py/tuple": [{"py/id": 5}, {"py/b64": "6PbVDxfbsT8="}]}]}, "city": {"py/reduce": [{"py/function": "numpy._core.multiarray.scalar"}, {"py/tuple": [{"py/id": 5}, {"py/b64": "aicU3zq7oz8="}]}]}, "private": {"py/reduce": [{"py/function": "numpy._core.multiarray.scalar"}, {"py/tuple": [{"py/id": 5}, {"py/b64": "yTS2vk/hqD8="}]}]}, "in": {"py/reduce": [{"py/function": "numpy._core.multiarray.scalar"}, {"py/tuple": [{"py/id": 5}, {"py/b64": "DLbz1/lQoD8="}]}]}, "cozy": {"py/reduce": [{"py/function": "numpy._core.multiarray.scalar"}, {"py/tuple": [{"py/id": 5}, {"py/b64": "qujOi7ENsz8="}]}]}, "room": {"py/reduce": [{"py/function": "numpy._core.multiarray.scalar"}, {"py/tuple": [{"py/id": 5}, {"py/b64": "cA1D4lwwu78="}]}]}, "hotel_1.0": {"py/reduce": [{"py/function": "numpy._core.multiarray.scalar"}, {"py/tuple": [{"py/id": 5}, {"py/b64": "ab8pwpoIyL8="}]}]}, "hotel_nan": {"py/reduce": [{"py/function": "numpy._core.multiarray.scalar"}, {"py/tuple": [{"py/id": 5}, {"py/b64": "AAAAAAAAAAA="}]}]}, "oheencoded_Bronx_1.0": {"py/reduce": [{"py/function": "numpy._core.multiarray.scalar"}, {"py/tuple": [{"py/id": 5}, {"py/b64": "IIj8fGzaxz8="}]}]}, "oheencoded_Bronx_nan": {"py/reduce": [{"py/function": "numpy._core.multiarray.scalar"}, {"py/tuple": [{"py/id": 5}, {"py/b64": "AAAAAAAAAAA="}]}]}, "oheencoded_Brooklyn_1.0": {"py/reduce": [{"py/function": "numpy._core.multiarray.scalar"}, {"py/tuple": [{"py/id": 5}, {"py/b64": "VPWRhtq2wT8="}]}]}, "oheencoded_Brooklyn_nan": {"py/reduce": [{"py/function": "numpy._core.multiarray.scalar"}, {"py/tuple": [{"py/id": 5}, {"py/b64": "AAAAAAAAAAA="}]}]}, "oheencoded_Entire_home/apt_1.0": {"py/reduce": [{"py/function": "numpy._core.multiarray.scalar"}, {"py/tuple": [{"py/id": 5}, {"py/b64": "M3M2Cqmywb8="}]}]}, "oheencoded_Entire_home/apt_nan": {"py/reduce": [{"py/function": "numpy._core.multiarray.scalar"}, {"py/tuple": [{"py/id": 5}, {"py/b64": "AAAAAAAAAAA="}]}]}, "oheencoded_Hotel_room_1.0": {"py/reduce": [{"py/function": "numpy._core.multiarray.scalar"}, {"py/tuple": [{"py/id": 5}, {"py/b64": "rvD/444zo78="}]}]}, "oheencoded_Hotel_room_nan": {"py/reduce": [{"py/function": "numpy._core.multiarray.scalar"}, {"py/tuple": [{"py/id": 5}, {"py/b64": "AAAAAAAAAAA="}]}]}, "oheencoded_Manhattan_1.0": {"py/reduce": [{"py/function": "numpy._core.multiarray.scalar"}, {"py/tuple": [{"py/id": 5}, {"py/b64": "NQ1OtReNwz8="}]}]}, "oheencoded_Manhattan_nan": {"py/reduce": [{"py/function": "numpy._core.multiarray.scalar"}, {"py/tuple": [{"py/id": 5}, {"py/b64": "AAAAAAAAAAA="}]}]}, "oheencoded_Private_room_1.0": {"py/reduce": [{"py/function": "numpy._core.multiarray.scalar"}, {"py/tuple": [{"py/id": 5}, {"py/b64": "7gS8BMpgoT8="}]}]}, "oheencoded_Private_room_nan": {"py/reduce": [{"py/function": "numpy._core.multiarray.scalar"}, {"py/tuple": [{"py/id": 5}, {"py/b64": "AAAAAAAAAAA="}]}]}, "oheencoded_Queens_1.0": {"py/reduce": [{"py/function": "numpy._core.multiarray.scalar"}, {"py/tuple": [{"py/id": 5}, {"py/b64": "bY+RQAYrz78="}]}]}, "oheencoded_Queens_nan": {"py/reduce": [{"py/function": "numpy._core.multiarray.scalar"}, {"py/tuple": [{"py/id": 5}, {"py/b64": "AAAAAAAAAAA="}]}]}, "oheencoded_Shared_room_1.0": {"py/reduce": [{"py/function": "numpy._core.multiarray.scalar"}, {"py/tuple": [{"py/id": 5}, {"py/b64": "A1Q9ovnzwT8="}]}]}, "oheencoded_Shared_room_nan": {"py/reduce": [{"py/function": "numpy._core.multiarray.scalar"}, {"py/tuple": [{"py/id": 5}, {"py/b64": "AAAAAAAAAAA="}]}]}, "oheencoded_Staten_Island_1.0": {"py/reduce": [{"py/function": "numpy._core.multiarray.scalar"}, {"py/tuple": [{"py/id": 5}, {"py/b64": "zwdZL6iOz78="}]}]}, "oheencoded_Staten_Island_nan": {"py/reduce": [{"py/function": "numpy._core.multiarray.scalar"}, {"py/tuple": [{"py/id": 5}, {"py/b64": "AAAAAAAAAAA="}]}]}}, "is_classification": false}