{"py/object": "df_analyze.selection.embedded.EmbedSelected", "model": {"py/reduce": [{"py/type": "df_analyze.enumerables.EmbedSelectionModel"}, {"py/tuple": ["linear"]}]}, "selected": ["latitude", "longitude", "price", "availability_365", "neighbourhood_labelencoded", "luxury", "floor", "city", "private", "in", "cozy", "room", "hotel_1.0", "oheencoded_Bronx_1.0", "oheencoded_Brooklyn_1.0", "oheencoded_Entire_home/apt_1.0", "oheencoded_Hotel_room_1.0", "oheencoded_Manhattan_1.0", "oheencoded_Private_room_1.0", "oheencoded_Queens_1.0", "oheencoded_Shared_room_1.0", "oheencoded_Staten_Island_1.0"], "scores": {"latitude": {"py/reduce": [{"py/function": "numpy._core.multiarray.scalar"}, {"py/tuple": [{"py/reduce": [{"py/type": "numpy.dtype"}, {"py/tuple": ["f8", false, true]}, {"py/tuple": [3, "<", null, null, null, -1, -1, 0]}]}, {"py/b64": "LJdJQm7Pcr8="}]}]}, "longitude": {"py/reduce": [{"py/function": "numpy._core.multiarray.scalar"}, {"py/tuple": [{"py/id": 5}, {"py/b64": "3aRRXvHNWL8="}]}]}, "price": {"py/reduce": [{"py/function": "numpy._core.multiarray.scalar"}, {"py/tuple": [{"py/id": 5}, {"py/b64": "saONh3z4Hb8="}]}]}, "availability_365": {"py/reduce": [{"py/function": "numpy._core.multiarray.scalar"}, {"py/tuple": [{"py/id": 5}, {"py/b64": "ocm6jB1qQr8="}]}]}, "neighbourhood_labelencoded": {"py/reduce": [{"py/function": "numpy._core.multiarray.scalar"}, {"py/tuple": [{"py/id": 5}, {"py/b64": "lOJps5dYID8="}]}]}, "luxury": {"py/reduce": [{"py/function": "numpy._core.multiarray.scalar"}, {"py/tuple": [{"py/id": 5}, {"py/b64": "TgPS7MOGcD8="}]}]}, "floor": {"py/reduce": [{"py/function": "numpy._core.multiarray.scalar"}, {"py/tuple": [{"py/id": 5}, {"py/b64": "a0UNiIeBY78="}]}]}, "city": {"py/reduce": [{"py/function": "numpy._core.multiarray.scalar"}, {"py/tuple": [{"py/id": 5}, {"py/b64": "TK+aIxRldr8="}]}]}, "private": {"py/reduce": [{"py/function": "numpy._core.multiarray.scalar"}, {"py/tuple": [{"py/id": 5}, {"py/b64": "cDIcbOZckr8="}]}]}, "in": {"py/reduce": [{"py/function": "numpy._core.multiarray.scalar"}, {"py/tuple": [{"py/id": 5}, {"py/b64": "2n+z6dZDir8="}]}]}, "cozy": {"py/reduce": [{"py/function": "numpy._core.multiarray.scalar"}, {"py/tuple": [{"py/id": 5}, {"py/b64": "55fDeB9OlL8="}]}]}, "room": {"py/reduce": [{"py/function": "numpy._core.multiarray.scalar"}, {"py/tuple": [{"py/id": 5}, {"py/b64": "Vw0Zhbg1lD8="}]}]}, "hotel_1.0": {"py/reduce": [{"py/function": "numpy._core.multiarray.scalar"}, {"py/tuple": [{"py/id": 5}, {"py/b64": "hVXI0zh5d78="}]}]}, "hotel_nan": {"py/reduce": [{"py/function": "numpy._core.multiarray.scalar"}, {"py/tuple": [{"py/id": 5}, {"py/b64": "AAAAAAAAAAA="}]}]}, "oheencoded_Bronx_1.0": {"py/reduce": [{"py/function": "numpy._core.multiarray.scalar"}, {"py/tuple": [{"py/id": 5}, {"py/b64": "Ef40MWhCnb8="}]}]}, "oheencoded_Bronx_nan": {"py/reduce": [{"py/function": "numpy._core.multiarray.scalar"}, {"py/tuple": [{"py/id": 5}, {"py/b64": "AAAAAAAAAAA="}]}]}, "oheencoded_Brooklyn_1.0": {"py/reduce": [{"py/function": "numpy._core.multiarray.scalar"}, {"py/tuple": [{"py/id": 5}, {"py/b64": "f6G8bidHdb8="}]}]}, "oheencoded_Brooklyn_nan": {"py/reduce": [{"py/function": "numpy._core.multiarray.scalar"}, {"py/tuple": [{"py/id": 5}, {"py/b64": "AAAAAAAAAAA="}]}]}, "oheencoded_Entire_home/apt_1.0": {"py/reduce": [{"py/function": "numpy._core.multiarray.scalar"}, {"py/tuple": [{"py/id": 5}, {"py/b64": "Id24bUllh78="}]}]}, "oheencoded_Entire_home/apt_nan": {"py/reduce": [{"py/function": "numpy._core.multiarray.scalar"}, {"py/tuple": [{"py/id": 5}, {"py/b64": "AAAAAAAAAAA="}]}]}, "oheencoded_Hotel_room_1.0": {"py/reduce": [{"py/function": "numpy._core.multiarray.scalar"}, {"py/tuple": [{"py/id": 5}, {"py/b64": "b8u8NUbISj8="}]}]}, "oheencoded_Hotel_room_nan": {"py/reduce": [{"py/function": "numpy._core.multiarray.scalar"}, {"py/tuple": [{"py/id": 5}, {"py/b64": "AAAAAAAAAAA="}]}]}, "oheencoded_Manhattan_1.0": {"py/reduce": [{"py/function": "numpy._core.multiarray.scalar"}, {"py/tuple": [{"py/id": 5}, {"py/b64": "eWcqkQNDsD8="}]}]}, "oheencoded_Manhattan_nan": {"py/reduce": [{"py/function": "numpy._core.multiarray.scalar"}, {"py/tuple": [{"py/id": 5}, {"py/b64": "AAAAAAAAAAA="}]}]}, "oheencoded_Private_room_1.0": {"py/reduce": [{"py/function": "numpy._core.multiarray.scalar"}, {"py/tuple": [{"py/id": 5}, {"py/b64": "MalHTwzggj8="}]}]}, "oheencoded_Private_room_nan": {"py/reduce": [{"py/function": "numpy._core.multiarray.scalar"}, {"py/tuple": [{"py/id": 5}, {"py/b64": "AAAAAAAAAAA="}]}]}, "oheencoded_Queens_1.0": {"py/reduce": [{"py/function": "numpy._core.multiarray.scalar"}, {"py/tuple": [{"py/id": 5}, {"py/b64": "TtIye3K+lr8="}]}]}, "oheencoded_Queens_nan": {"py/reduce": [{"py/function": "numpy._core.multiarray.scalar"}, {"py/tuple": [{"py/id": 5}, {"py/b64": "AAAAAAAAAAA="}]}]}, "oheencoded_Shared_room_1.0": {"py/reduce": [{"py/function": "numpy._core.multiarray.scalar"}, {"py/tuple": [{"py/id": 5}, {"py/b64": "lri5tWYUMD8="}]}]}, "oheencoded_Shared_room_nan": {"py/reduce": [{"py/function": "numpy._core.multiarray.scalar"}, {"py/tuple": [{"py/id": 5}, {"py/b64": "AAAAAAAAAAA="}]}]}, "oheencoded_Staten_Island_1.0": {"py/reduce": [{"py/function": "numpy._core.multiarray.scalar"}, {"py/tuple": [{"py/id": 5}, {"py/b64": "1Zk6LU43eb8="}]}]}, "oheencoded_Staten_Island_nan": {"py/reduce": [{"py/function": "numpy._core.multiarray.scalar"}, {"py/tuple": [{"py/id": 5}, {"py/b64": "AAAAAAAAAAA="}]}]}}, "is_classification": false}