{"py/object": "df_analyze.selection.wrapper.WrapperSelected", "method": {"py/reduce": [{"py/type": "df_analyze.enumerables.WrapperSelection"}, {"py/tuple": ["step-up"]}]}, "model": {"py/reduce": [{"py/type": "df_analyze.enumerables.WrapperSelectionModel"}, {"py/tuple": ["linear"]}]}, "selected": ["availability_365"], "scores": {"availability_365": {"py/reduce": [{"py/function": "numpy._core.multiarray.scalar"}, {"py/tuple": [{"py/reduce": [{"py/type": "numpy.dtype"}, {"py/tuple": ["f8", false, true]}, {"py/tuple": [3, "<", null, null, null, -1, -1, 0]}]}, {"py/b64": "4xvPVKlc0L8="}]}]}}, "redundants": [{"py/object": "df_analyze.selection.stepwise.RedundantFeatures", "best": "availability_365", "best_score": {"py/id": 5}, "features": ["oheencoded_Bronx_nan", "cozy", "in", "oheencoded_Hotel_room_nan", "oheencoded_Queens_1.0", "oheencoded_Entire_home/apt_nan", "oheencoded_Staten_Island_nan", "oheencoded_Brooklyn_nan", "city", "oheencoded_Queens_nan", "floor", "hotel_nan", "luxury", "oheencoded_Shared_room_1.0", "oheencoded_Private_room_1.0", "oheencoded_Staten_Island_1.0", "room", "latitude", "private", "oheencoded_Manhattan_nan", "longitude", "oheencoded_Bronx_1.0", "oheencoded_Entire_home/apt_1.0", "oheencoded_Hotel_room_1.0", "hotel_1.0", "oheencoded_Manhattan_1.0", "oheencoded_Brooklyn_1.0", "oheencoded_Private_room_nan", "oheencoded_Shared_room_nan", "price", "neighbourhood_labelencoded", "availability_365"], "scores": [-0.25784491477884974, -0.25784491477884974, -0.25784491477884974, -0.25784491477884974, -0.25784491477884974, -0.25784491477884974, -0.25784491477884974, -0.25784491477884974, -0.25784491477884974, -0.25784491477884974, -0.25784491477884974, -0.25784491477884974, -0.25784491477884974, -0.25784491477884974, -0.25784491477884974, -0.25784491477884974, -0.25784491477884974, -0.25784491477884974, -0.25784491477884974, -0.25784491477884974, -0.25784491477884974, -0.25784491477884974, -0.25784491477884974, -0.25784491477884974, -0.25784491477884974, -0.25784491477884974, -0.25784491477884974, -0.25784491477884974, -0.25784491477884974, -0.25759126804055865, -0.25740030756542315, -0.25565560609942234], "metric": "MAE"}], "early_stop": true, "is_classification": false}