,selection,embed_selector,model,params,metric,score
0,none,none,dummy,"{""strategy"": ""median""}",mae,0.16387915400443262
1,assoc,none,dummy,"{""strategy"": ""median""}",mae,0.16387915400443262
2,pred,none,dummy,"{""strategy"": ""median""}",mae,0.16387915400443262
3,none,none,gandalf,"{""lr"": 0.04237720538035036, ""wd"": 4.149380180669071e-08, ""anneal"": true, ""depth"": 8, ""gflu_dropout"": 0.03170073427692123, ""init_sparsity"": 0.5657124343927142, ""bnorm_cont"": true, ""virtual_batch"": 64}",mae,0.1604594737291336
4,assoc,none,gandalf,"{""lr"": 0.13933720031480926, ""wd"": 3.4955709190441996e-07, ""anneal"": true, ""depth"": 16, ""gflu_dropout"": 0.03700781144646965, ""init_sparsity"": 0.35096118518530317, ""bnorm_cont"": true, ""virtual_batch"": 32}",mae,0.15834446251392365
5,pred,none,gandalf,"{""lr"": 0.04273135425884962, ""wd"": 0.0003828086940432686, ""anneal"": true, ""depth"": 12, ""gflu_dropout"": 0.07002883022814219, ""init_sparsity"": 0.33654729997065835, ""bnorm_cont"": true, ""virtual_batch"": 32}",mae,0.15290987491607666
