{"py/object": "df_analyze.selection.wrapper.WrapperSelected", "method": {"py/reduce": [{"py/type": "df_analyze.enumerables.WrapperSelection"}, {"py/tuple": ["step-up"]}]}, "model": {"py/reduce": [{"py/type": "df_analyze.enumerables.WrapperSelectionModel"}, {"py/tuple": ["linear"]}]}, "selected": ["number_of_reviews", "availability_365"], "scores": {"number_of_reviews": {"py/reduce": [{"py/function": "numpy._core.multiarray.scalar"}, {"py/tuple": [{"py/reduce": [{"py/type": "numpy.dtype"}, {"py/tuple": ["f8", false, true]}, {"py/tuple": [3, "<", null, null, null, -1, -1, 0]}]}, {"py/b64": "ZQ3t4Tgkz78="}]}]}, "availability_365": {"py/reduce": [{"py/function": "numpy._core.multiarray.scalar"}, {"py/tuple": [{"py/id": 6}, {"py/b64": "ncoiLLbvzr8="}]}]}}, "redundants": [{"py/object": "df_analyze.selection.stepwise.RedundantFeatures", "best": "number_of_reviews", "best_score": {"py/id": 5}, "features": ["number_of_reviews"], "scores": [-0.24329291373770015], "metric": "MAE"}, {"py/object": "df_analyze.selection.stepwise.RedundantFeatures", "best": "availability_365", "best_score": {"py/id": 7}, "features": ["oheencoded_Staten_Island_1.0", "oheencoded_Manhattan_1.0", "oheencoded_Brooklyn_1.0", "longitude", "city", "oheencoded_Bronx_1.0", "oheencoded_Queens_1.0", "hotel_1.0", "oheencoded_Hotel_room_1.0", "oheencoded_Shared_room_nan", "oheencoded_Staten_Island_nan", "oheencoded_Shared_room_1.0", "private", "oheencoded_Brooklyn_nan", "floor", "oheencoded_Entire_home/apt_1.0", "hotel_nan", "cozy", "in", "oheencoded_Queens_nan", "latitude", "oheencoded_Manhattan_nan", "oheencoded_Hotel_room_nan", "oheencoded_Entire_home/apt_nan", "oheencoded_Bronx_nan", "oheencoded_Private_room_1.0", "luxury", "room", "oheencoded_Private_room_nan", "neighbourhood_labelencoded", "price", "availability_365"], "scores": [-0.24329291373770015, -0.24329291373770015, -0.24329291373770015, -0.24329291373770015, -0.24329291373770015, -0.24329291373770015, -0.24329291373770015, -0.24329291373770015, -0.24329291373770015, -0.24329291373770015, -0.24329291373770015, -0.24329291373770015, -0.24329291373770015, -0.24329291373770015, -0.24329291373770015, -0.24329291373770015, -0.24329291373770015, -0.24329291373770015, -0.24329291373770015, -0.24329291373770015, -0.24329291373770015, -0.24329291373770015, -0.24329291373770015, -0.24329291373770015, -0.24329291373770015, -0.24329291373770015, -0.24329291373770015, -0.24329291373770015, -0.24329291373770015, -0.2431273134058874, -0.24299993679478024, -0.24169041781495518], "metric": "MAE"}], "early_stop": true, "is_classification": false}