,selection,embed_selector,model,params,metric,score
0,none,none,dummy,"{""strategy"": ""median""}",mae,0.1769383846387762
1,assoc,none,dummy,"{""strategy"": ""median""}",mae,0.1769383846387762
2,pred,none,dummy,"{""strategy"": ""median""}",mae,0.1769383846387762
3,none,none,gandalf,"{""lr"": 0.040629970966607316, ""wd"": 4.134035280240876e-07, ""anneal"": true, ""depth"": 32, ""gflu_dropout"": 0.08416951305523729, ""init_sparsity"": 0.7951272929753136, ""bnorm_cont"": true, ""virtual_batch"": 64}",mae,0.2140781730413437
4,assoc,none,gandalf,"{""lr"": 0.02211975027993379, ""wd"": 4.796148221248121e-05, ""anneal"": true, ""depth"": 8, ""gflu_dropout"": 0.014640255394785601, ""init_sparsity"": 0.44180998198719423, ""bnorm_cont"": true, ""virtual_batch"": 32}",mae,0.22657252848148346
5,pred,none,gandalf,"{""lr"": 0.4730732161656842, ""wd"": 2.433216850324545e-06, ""anneal"": true, ""depth"": 16, ""gflu_dropout"": 0.039561802042043626, ""init_sparsity"": 0.851288285525594, ""bnorm_cont"": true, ""virtual_batch"": 64}",mae,0.21914756298065186
