,selection,embed_selector,model,params,metric,score
0,none,none,dummy,"{""strategy"": ""median""}",mae,0.23582908178228398
1,assoc,none,dummy,"{""strategy"": ""median""}",mae,0.23582908178228398
2,pred,none,dummy,"{""strategy"": ""median""}",mae,0.23582908178228398
3,embed,lgbm,dummy,"{""strategy"": ""median""}",mae,0.23582908178228398
4,embed,linear,dummy,"{""strategy"": ""median""}",mae,0.23582908178228398
5,wrap,none,dummy,"{""strategy"": ""median""}",mae,0.23582908178228398
6,none,none,elastic,"{""alpha"": 0.041533856282329154, ""l1_ratio"": 0.010762629322360606}",mae,0.24606522078691534
7,assoc,none,elastic,"{""alpha"": 0.010557575074546466, ""l1_ratio"": 0.01214360065025366}",mae,0.24416649736157944
8,pred,none,elastic,"{""alpha"": 0.011140037263605605, ""l1_ratio"": 0.1033347393549286}",mae,0.2483499674845701
9,embed,lgbm,elastic,"{""alpha"": 0.010338861980986911, ""l1_ratio"": 0.01675770356431444}",mae,0.253114639669151
10,embed,linear,elastic,"{""alpha"": 0.01460984648128158, ""l1_ratio"": 0.011530301201170755}",mae,0.24452126280181602
11,wrap,none,elastic,"{""alpha"": 0.01108632109747571, ""l1_ratio"": 0.01477338010331597}",mae,0.25523489257288856
12,none,none,knn,"{""n_neighbors"": 10, ""weights"": ""uniform"", ""metric"": ""correlation""}",mae,0.24389203384039976
13,assoc,none,knn,"{""n_neighbors"": 10, ""weights"": ""distance"", ""metric"": ""cosine""}",mae,0.24389203384039976
14,pred,none,knn,"{""n_neighbors"": 10, ""weights"": ""distance"", ""metric"": ""correlation""}",mae,0.24476898131170555
15,embed,lgbm,knn,"{""n_neighbors"": 10, ""weights"": ""uniform"", ""metric"": ""l2""}",mae,0.24462472748912795
16,embed,linear,knn,"{""n_neighbors"": 1, ""weights"": ""uniform"", ""metric"": ""correlation""}",mae,0.24389203384039976
17,wrap,none,knn,{},mae,
18,none,none,lgbm,"{""n_estimators"": 50, ""reg_alpha"": 2.861530642788494e-05, ""reg_lambda"": 0.051069210341076934, ""num_leaves"": 72, ""colsample_bytree"": 0.9609689349298453, ""subsample"": 0.711593381823185, ""subsample_freq"": 6, ""min_child_samples"": 69}",mae,0.20015375643381444
19,assoc,none,lgbm,"{""n_estimators"": 50, ""reg_alpha"": 0.0005754217459225234, ""reg_lambda"": 3.635511272326726e-07, ""num_leaves"": 195, ""colsample_bytree"": 0.9480983726299322, ""subsample"": 0.9476567570992133, ""subsample_freq"": 3, ""min_child_samples"": 98}",mae,0.19797651632113586
20,pred,none,lgbm,"{""n_estimators"": 150, ""reg_alpha"": 0.010582237874589952, ""reg_lambda"": 1.1500003630396647e-08, ""num_leaves"": 10, ""colsample_bytree"": 0.519924547888587, ""subsample"": 0.9684683785698056, ""subsample_freq"": 7, ""min_child_samples"": 93}",mae,0.2035755284629832
21,embed,lgbm,lgbm,"{""n_estimators"": 50, ""reg_alpha"": 2.6552364744773592e-05, ""reg_lambda"": 7.054784524854232e-05, ""num_leaves"": 31, ""colsample_bytree"": 0.716940290963032, ""subsample"": 0.6300106962471732, ""subsample_freq"": 2, ""min_child_samples"": 96}",mae,0.2035347095084658
22,embed,linear,lgbm,"{""n_estimators"": 50, ""reg_alpha"": 1.0399906114488089e-08, ""reg_lambda"": 2.2391909623919943, ""num_leaves"": 63, ""colsample_bytree"": 0.5999858970506335, ""subsample"": 0.8764450981849545, ""subsample_freq"": 0, ""min_child_samples"": 78}",mae,0.19952462720081013
23,wrap,none,lgbm,"{""n_estimators"": 100, ""reg_alpha"": 4.574566731188179e-08, ""reg_lambda"": 1.4489192810711709e-06, ""num_leaves"": 46, ""colsample_bytree"": 0.47889455928542396, ""subsample"": 0.7163131406613159, ""subsample_freq"": 4, ""min_child_samples"": 84}",mae,0.21943801780580308
24,none,none,rf,"{""n_estimators"": 150, ""reg_alpha"": 3.4914942897096127e-05, ""reg_lambda"": 6.290160306441324e-05, ""num_leaves"": 145, ""colsample_bytree"": 0.9510596550286096, ""subsample"": 0.9998869442527015, ""subsample_freq"": 2, ""min_child_samples"": 56, ""bagging_fraction"": 0.5290320710489955}",mae,0.19839433652210187
25,assoc,none,rf,"{""n_estimators"": 150, ""reg_alpha"": 2.1019258064655887e-05, ""reg_lambda"": 1.64527571292336e-05, ""num_leaves"": 238, ""colsample_bytree"": 0.9932263034946481, ""subsample"": 0.721755586444685, ""subsample_freq"": 7, ""min_child_samples"": 22, ""bagging_fraction"": 0.8400377377170658}",mae,0.19867644900477108
26,pred,none,rf,"{""n_estimators"": 300, ""reg_alpha"": 4.035026123333806e-08, ""reg_lambda"": 0.005186098224949451, ""num_leaves"": 197, ""colsample_bytree"": 0.9999689547565354, ""subsample"": 0.5216483469637236, ""subsample_freq"": 6, ""min_child_samples"": 32, ""bagging_fraction"": 0.2329993183209847}",mae,0.1993198407124334
27,embed,lgbm,rf,"{""n_estimators"": 200, ""reg_alpha"": 2.2020010215248808e-08, ""reg_lambda"": 0.0005405034148040213, ""num_leaves"": 232, ""colsample_bytree"": 0.9951799898580799, ""subsample"": 0.9847086766605657, ""subsample_freq"": 5, ""min_child_samples"": 28, ""bagging_fraction"": 0.6086695413644219}",mae,0.19945626252467158
28,embed,linear,rf,"{""n_estimators"": 150, ""reg_alpha"": 9.47484627440159e-07, ""reg_lambda"": 0.03494182144583763, ""num_leaves"": 241, ""colsample_bytree"": 0.9557521400994804, ""subsample"": 0.44915654351912043, ""subsample_freq"": 1, ""min_child_samples"": 38, ""bagging_fraction"": 0.5436288236452498}",mae,0.19742114400565797
29,wrap,none,rf,"{""n_estimators"": 100, ""reg_alpha"": 1.2916013592957377e-08, ""reg_lambda"": 0.00011231230511021587, ""num_leaves"": 149, ""colsample_bytree"": 0.9677437430726932, ""subsample"": 0.560251278031739, ""subsample_freq"": 4, ""min_child_samples"": 24, ""bagging_fraction"": 0.5555532438175033}",mae,0.21930864260632066
30,none,none,sgd,"{""loss"": ""huber"", ""eta0"": 2.8338266194069763e-05, ""penalty"": ""l1"", ""early_stopping"": false}",mae,0.244116250277216
31,assoc,none,sgd,"{""loss"": ""huber"", ""eta0"": 1.762010059751595e-05, ""penalty"": ""l2"", ""early_stopping"": true}",mae,0.24265159871524924
32,pred,none,sgd,"{""loss"": ""huber"", ""eta0"": 1.7166632557832724e-05, ""penalty"": ""l2"", ""early_stopping"": true}",mae,0.2449676915833845
33,embed,lgbm,sgd,"{""loss"": ""huber"", ""eta0"": 1.01981230055692e-05, ""penalty"": ""l2"", ""early_stopping"": false}",mae,0.24259749457896862
34,embed,linear,sgd,"{""loss"": ""huber"", ""eta0"": 0.00018076385715428794, ""penalty"": ""l1"", ""early_stopping"": false}",mae,0.24687953339403643
35,wrap,none,sgd,"{""loss"": ""huber"", ""eta0"": 1.064717800377027e-05, ""penalty"": ""l2"", ""early_stopping"": false}",mae,0.2373215976056331
